Date,Close
09/05/2006,"41.515,00"
10/05/2006,"41.979,00"
11/05/2006,"41.751,00"
12/05/2006,"40.847,00"
15/05/2006,"40.211,00"
16/05/2006,"39.271,00"
17/05/2006,"39.416,00"
23/05/2006,"36.496,00"
24/05/2006,"36.110,00"
25/05/2006,"35.791,00"
26/05/2006,"37.568,00"
30/05/2006,"38.145,00"
31/05/2006,"36.412,00"
01/06/2006,"36.530,00"
02/06/2006,"37.748,00"
05/06/2006,"37.942,00"
06/06/2006,"36.739,00"
07/06/2006,"36.557,00"
08/06/2006,"35.264,00"
09/06/2006,"35.437,00"
12/06/2006,"35.074,00"
13/06/2006,"33.554,00"
14/06/2006,"32.847,00"
16/06/2006,"32.941,00"
19/06/2006,"34.398,00"
20/06/2006,"33.897,00"
21/06/2006,"33.632,00"
22/06/2006,"34.546,00"
23/06/2006,"34.316,00"
27/06/2006,"34.631,00"
28/06/2006,"34.375,00"
29/06/2006,"34.834,00"
30/06/2006,"36.486,00"
03/07/2006,"36.630,00"
04/07/2006,"37.357,00"
05/07/2006,"37.367,00"
06/07/2006,"36.378,00"
07/07/2006,"36.533,00"
10/07/2006,"36.101,00"
11/07/2006,"36.140,00"
12/07/2006,"36.553,00"
13/07/2006,"36.229,00"
14/07/2006,"35.354,00"
18/07/2006,"34.925,00"
19/07/2006,"35.130,00"
21/07/2006,"35.846,00"
24/07/2006,"35.510,00"
28/07/2006,"36.887,00"
31/07/2006,"37.381,00"
01/08/2006,"37.077,00"
02/08/2006,"36.839,00"
03/08/2006,"37.288,00"
04/08/2006,"37.451,00"
07/08/2006,"37.847,00"
08/08/2006,"37.697,00"
09/08/2006,"37.600,00"
10/08/2006,"37.255,00"
14/08/2006,"36.944,00"
15/08/2006,"36.556,00"
16/08/2006,"37.295,00"
17/08/2006,"37.677,00"
18/08/2006,"37.558,00"
21/08/2006,"37.551,00"
22/08/2006,"37.160,00"
23/08/2006,"36.677,00"
24/08/2006,"35.512,00"
25/08/2006,"35.797,00"
28/08/2006,"35.957,00"
29/08/2006,"36.374,00"
30/08/2006,"36.303,00"
31/08/2006,"36.313,00"
01/09/2006,"36.232,00"
04/09/2006,"37.329,00"
05/09/2006,"37.693,00"
06/09/2006,"37.367,00"
08/09/2006,"36.709,00"
11/09/2006,"35.772,00"
12/09/2006,"36.146,00"
14/09/2006,"36.153,00"
15/09/2006,"36.169,00"
18/09/2006,"36.482,00"
19/09/2006,"35.885,00"
21/09/2006,"35.196,00"
22/09/2006,"34.830,00"
26/09/2006,"34.972,00"
27/09/2006,"35.818,00"
28/09/2006,"36.105,00"
29/09/2006,"36.486,00"
03/10/2006,"36.437,00"
04/10/2006,"37.749,00"
05/10/2006,"37.976,00"
06/10/2006,"37.940,00"
09/10/2006,"38.406,00"
10/10/2006,"38.654,00"
11/10/2006,"38.322,00"
13/10/2006,"38.850,00"
16/10/2006,"39.229,00"
17/10/2006,"38.897,00"
18/10/2006,"38.685,00"
19/10/2006,"38.919,00"
20/10/2006,"38.642,00"
23/10/2006,"39.226,00"
24/10/2006,"39.498,00"
25/10/2006,"39.562,00"
27/10/2006,"39.328,00"
30/10/2006,"38.900,00"
31/10/2006,"39.262,00"
01/11/2006,"39.930,00"
03/11/2006,"40.435,00"
07/11/2006,"41.048,00"
08/11/2006,"41.334,00"
09/11/2006,"40.815,00"
10/11/2006,"40.719,00"
14/11/2006,"41.290,00"
16/11/2006,"41.161,00"
17/11/2006,"41.029,00"
22/11/2006,"41.912,00"
24/11/2006,"41.757,00"
28/11/2006,"41.043,00"
29/11/2006,"41.970,00"
30/11/2006,"41.931,00"
01/12/2006,"41.327,00"
04/12/2006,"42.654,00"
05/12/2006,"43.157,00"
06/12/2006,"43.096,00"
07/12/2006,"42.909,00"
08/12/2006,"42.977,00"
11/12/2006,"43.297,00"
12/12/2006,"43.018,00"
13/12/2006,"43.284,00"
15/12/2006,"43.595,00"
18/12/2006,"43.508,00"
20/12/2006,"43.589,00"
21/12/2006,"43.385,00"
22/12/2006,"43.355,00"
27/12/2006,"44.526,00"
28/12/2006,"44.473,00"
02/01/2007,"45.382,00"
03/01/2007,"44.445,00"
04/01/2007,"44.019,00"
05/01/2007,"42.245,00"
08/01/2007,"42.829,00"
09/01/2007,"42.006,00"
11/01/2007,"42.670,00"
12/01/2007,"43.094,00"
16/01/2007,"42.624,00"
19/01/2007,"43.427,00"
22/01/2007,"43.553,00"
26/01/2007,"44.412,00"
30/01/2007,"43.573,00"
02/02/2007,"44.997,00"
05/02/2007,"45.286,00"
09/02/2007,"44.284,00"
14/02/2007,"45.197,00"
15/02/2007,"45.955,00"
16/02/2007,"45.849,00"
21/02/2007,"46.090,00"
22/02/2007,"46.452,00"
27/02/2007,"46.207,00"
01/03/2007,"43.516,00"
02/03/2007,"42.369,00"
06/03/2007,"43.218,00"
09/03/2007,"43.465,00"
13/03/2007,"42.749,00"
14/03/2007,"43.288,00"
15/03/2007,"43.278,00"
16/03/2007,"42.730,00"
19/03/2007,"43.712,00"
20/03/2007,"44.350,00"
21/03/2007,"45.630,00"
22/03/2007,"45.424,00"
23/03/2007,"45.532,00"
26/03/2007,"45.644,00"
27/03/2007,"45.206,00"
28/03/2007,"44.484,00"
29/03/2007,"45.355,00"
30/03/2007,"45.804,00"
02/04/2007,"45.597,00"
03/04/2007,"46.288,00"
04/04/2007,"46.553,00"
05/04/2007,"46.646,00"
09/04/2007,"46.854,00"
10/04/2007,"47.174,00"
11/04/2007,"46.939,00"
12/04/2007,"47.346,00"
13/04/2007,"47.926,00"
16/04/2007,"48.921,00"
18/04/2007,"48.709,00"
19/04/2007,"48.762,00"
23/04/2007,"49.162,00"
24/04/2007,"49.070,00"
25/04/2007,"49.675,00"
26/04/2007,"49.067,00"
27/04/2007,"49.229,00"
30/04/2007,"48.956,00"
03/05/2007,"49.471,00"
04/05/2007,"50.218,00"
09/05/2007,"50.277,00"
10/05/2007,"50.234,00"
11/05/2007,"50.902,00"
14/05/2007,"50.510,00"
15/05/2007,"50.518,00"
16/05/2007,"51.737,00"
17/05/2007,"51.631,00"
18/05/2007,"52.077,00"
21/05/2007,"52.423,00"
22/05/2007,"52.208,00"
23/05/2007,"51.812,00"
24/05/2007,"50.530,00"
25/05/2007,"51.617,00"
28/05/2007,"52.119,00"
29/05/2007,"51.713,00"
30/05/2007,"52.527,00"
31/05/2007,"52.268,00"
01/06/2007,"53.422,00"
04/06/2007,"53.242,00"
05/06/2007,"53.162,00"
07/06/2007,"52.049,00"
08/06/2007,"52.329,00"
12/06/2007,"52.776,00"
13/06/2007,"52.993,00"
14/06/2007,"53.712,00"
18/06/2007,"54.730,00"
19/06/2007,"54.643,00"
20/06/2007,"54.029,00"
21/06/2007,"54.656,00"
22/06/2007,"54.267,00"
25/06/2007,"54.041,00"
26/06/2007,"53.851,00"
27/06/2007,"54.143,00"
29/06/2007,"54.392,00"
02/07/2007,"55.371,00"
03/07/2007,"55.699,00"
04/07/2007,"55.696,00"
05/07/2007,"55.932,00"
06/07/2007,"56.443,00"
06/08/2007,"53.091,00"
07/08/2007,"53.802,00"
08/08/2007,"55.241,00"
09/08/2007,"53.430,00"
10/08/2007,"52.638,00"
13/08/2007,"52.434,00"
14/08/2007,"50.911,00"
15/08/2007,"49.285,00"
17/08/2007,"48.558,00"
20/08/2007,"49.206,00"
21/08/2007,"49.815,00"
22/08/2007,"51.744,00"
23/08/2007,"51.848,00"
24/08/2007,"52.997,00"
27/08/2007,"53.078,00"
28/08/2007,"51.645,00"
29/08/2007,"52.734,00"
30/08/2007,"52.857,00"
04/09/2007,"54.832,00"
07/09/2007,"54.569,00"
12/09/2007,"53.920,00"
13/09/2007,"53.882,00"
14/09/2007,"54.908,00"
19/09/2007,"56.666,00"
20/09/2007,"57.264,00"
21/09/2007,"56.906,00"
24/09/2007,"58.719,00"
26/09/2007,"58.857,00"
27/09/2007,"59.714,00"
28/09/2007,"61.052,00"
03/10/2007,"62.017,00"
04/10/2007,"60.098,00"
05/10/2007,"60.406,00"
09/10/2007,"62.660,00"
10/10/2007,"63.548,00"
11/10/2007,"63.197,00"
12/10/2007,"62.455,00"
16/10/2007,"62.969,00"
18/10/2007,"63.193,00"
19/10/2007,"63.261,00"
23/10/2007,"61.215,00"
24/10/2007,"62.697,00"
25/10/2007,"62.624,00"
26/10/2007,"62.341,00"
30/10/2007,"65.044,00"
31/10/2007,"64.383,00"
01/11/2007,"65.317,00"
02/11/2007,"64.050,00"
06/11/2007,"62.959,00"
08/11/2007,"63.561,00"
09/11/2007,"64.320,00"
16/11/2007,"64.609,00"
19/11/2007,"62.336,00"
21/11/2007,"60.581,00"
22/11/2007,"60.653,00"
23/11/2007,"60.970,00"
30/11/2007,"63.006,00"
04/12/2007,"63.199,00"
07/12/2007,"65.790,00"
11/12/2007,"64.512,00"
12/12/2007,"64.741,00"
13/12/2007,"62.860,00"
14/12/2007,"62.444,00"
17/12/2007,"59.828,00"
19/12/2007,"61.721,00"
20/12/2007,"61.716,00"
27/12/2007,"63.774,00"
03/01/2008,"62.891,00"
04/01/2008,"61.036,00"
07/01/2008,"60.772,00"
09/01/2008,"62.673,00"
10/01/2008,"63.515,00"
11/01/2008,"61.942,00"
14/01/2008,"62.187,00"
15/01/2008,"59.907,00"
16/01/2008,"58.777,00"
17/01/2008,"57.036,00"
18/01/2008,"57.506,00"
21/01/2008,"53.709,00"
22/01/2008,"56.097,00"
23/01/2008,"54.234,00"
24/01/2008,"57.463,00"
28/01/2008,"58.593,00"
29/01/2008,"59.529,00"
30/01/2008,"60.289,00"
31/01/2008,"59.490,00"
01/02/2008,"61.079,00"
06/02/2008,"58.968,00"
07/02/2008,"58.965,00"
08/02/2008,"59.075,00"
11/02/2008,"60.643,00"
12/02/2008,"61.805,00"
13/02/2008,"62.590,00"
14/02/2008,"61.818,00"
15/02/2008,"61.271,00"
18/02/2008,"62.801,00"
19/02/2008,"62.296,00"
20/02/2008,"63.747,00"
22/02/2008,"64.608,00"
25/02/2008,"65.000,00"
26/02/2008,"65.182,00"
27/02/2008,"65.494,00"
28/02/2008,"65.555,00"
29/02/2008,"63.489,00"
03/03/2008,"64.490,00"
04/03/2008,"63.655,00"
05/03/2008,"64.629,00"
06/03/2008,"62.974,00"
07/03/2008,"61.867,00"
10/03/2008,"59.999,00"
11/03/2008,"62.367,00"
12/03/2008,"62.176,00"
13/03/2008,"62.279,00"
17/03/2008,"60.011,00"
19/03/2008,"58.827,00"
20/03/2008,"58.987,00"
24/03/2008,"59.812,00"
25/03/2008,"61.234,00"
26/03/2008,"61.415,00"
27/03/2008,"60.761,00"
28/03/2008,"60.452,00"
31/03/2008,"60.968,00"
01/04/2008,"62.774,00"
02/04/2008,"63.364,00"
03/04/2008,"64.175,00"
08/04/2008,"64.539,00"
09/04/2008,"63.476,00"
11/04/2008,"62.585,00"
14/04/2008,"62.153,00"
16/04/2008,"64.151,00"
17/04/2008,"64.552,00"
18/04/2008,"64.922,00"
22/04/2008,"65.412,00"
24/04/2008,"64.576,00"
25/04/2008,"65.187,00"
28/04/2008,"65.677,00"
29/04/2008,"63.825,00"
30/04/2008,"67.868,00"
05/05/2008,"70.174,00"
06/05/2008,"70.195,00"
07/05/2008,"69.017,00"
08/05/2008,"69.722,00"
09/05/2008,"69.645,00"
13/05/2008,"70.415,00"
14/05/2008,"70.026,00"
16/05/2008,"72.766,00"
19/05/2008,"73.438,00"
21/05/2008,"72.294,00"
23/05/2008,"71.451,00"
27/05/2008,"70.992,00"
29/05/2008,"73.153,00"
02/06/2008,"72.592,00"
03/06/2008,"71.897,00"
04/06/2008,"70.011,00"
05/06/2008,"68.673,00"
06/06/2008,"71.209,00"
09/06/2008,"69.281,00"
11/06/2008,"66.794,00"
13/06/2008,"67.203,00"
16/06/2008,"67.284,00"
17/06/2008,"68.437,00"
18/06/2008,"67.090,00"
19/06/2008,"66.590,00"
20/06/2008,"64.613,00"
23/06/2008,"64.640,00"
24/06/2008,"64.167,00"
25/06/2008,"65.853,00"
26/06/2008,"63.946,00"
27/06/2008,"64.321,00"
30/06/2008,"65.017,00"
01/07/2008,"63.396,00"
02/07/2008,"61.106,00"
03/07/2008,"59.273,00"
04/07/2008,"59.365,00"
08/07/2008,"59.535,00"
11/07/2008,"60.252,00"
15/07/2008,"60.720,00"
16/07/2008,"61.015,00"
18/07/2008,"59.988,00"
21/07/2008,"60.771,00"
22/07/2008,"59.647,00"
23/07/2008,"59.420,00"
24/07/2008,"57.434,00"
28/07/2008,"56.869,00"
29/07/2008,"58.042,00"
30/07/2008,"59.997,00"
31/07/2008,"59.505,00"
01/08/2008,"57.630,00"
04/08/2008,"55.609,00"
05/08/2008,"56.470,00"
06/08/2008,"57.542,00"
08/08/2008,"56.584,00"
11/08/2008,"54.720,00"
13/08/2008,"54.573,00"
14/08/2008,"55.138,00"
15/08/2008,"54.244,00"
18/08/2008,"53.326,00"
20/08/2008,"55.377,00"
21/08/2008,"55.934,00"
22/08/2008,"55.850,00"
25/08/2008,"54.477,00"
26/08/2008,"54.358,00"
27/08/2008,"55.519,00"
28/08/2008,"56.382,00"
29/08/2008,"55.680,00"
01/09/2008,"55.162,00"
02/09/2008,"54.404,00"
03/09/2008,"53.527,00"
04/09/2008,"51.408,00"
05/09/2008,"51.939,00"
08/09/2008,"50.717,00"
09/09/2008,"48.435,00"
11/09/2008,"51.270,00"
12/09/2008,"52.392,00"
15/09/2008,"48.416,00"
16/09/2008,"49.228,00"
17/09/2008,"45.908,00"
18/09/2008,"48.422,00"
19/09/2008,"53.055,00"
22/09/2008,"51.540,00"
23/09/2008,"49.593,00"
24/09/2008,"49.842,00"
25/09/2008,"51.828,00"
26/09/2008,"50.782,00"
29/09/2008,"46.028,00"
30/09/2008,"49.541,00"
01/10/2008,"49.798,00"
02/10/2008,"46.145,00"
03/10/2008,"44.517,00"
06/10/2008,"42.100,00"
07/10/2008,"40.139,00"
08/10/2008,"38.593,00"
09/10/2008,"37.080,00"
10/10/2008,"35.609,00"
13/10/2008,"40.829,00"
14/10/2008,"41.569,00"
15/10/2008,"36.833,00"
16/10/2008,"36.441,00"
17/10/2008,"36.399,00"
20/10/2008,"39.441,00"
21/10/2008,"39.043,00"
22/10/2008,"35.069,00"
23/10/2008,"33.818,00"
24/10/2008,"31.481,00"
27/10/2008,"29.435,00"
28/10/2008,"33.386,00"
29/10/2008,"34.845,00"
30/10/2008,"37.448,00"
31/10/2008,"37.256,00"
03/11/2008,"38.249,00"
04/11/2008,"40.254,00"
06/11/2008,"36.361,00"
07/11/2008,"36.665,00"
10/11/2008,"36.776,00"
11/11/2008,"37.261,00"
12/11/2008,"34.373,00"
13/11/2008,"35.993,00"
14/11/2008,"35.789,00"
17/11/2008,"35.717,00"
18/11/2008,"34.094,00"
19/11/2008,"33.404,00"
21/11/2008,"31.250,00"
25/11/2008,"34.812,00"
26/11/2008,"36.469,00"
27/11/2008,"36.212,00"
28/11/2008,"36.595,00"
01/12/2008,"34.740,00"
02/12/2008,"35.000,00"
03/12/2008,"35.296,00"
04/12/2008,"35.127,00"
05/12/2008,"35.347,00"
08/12/2008,"38.284,00"
09/12/2008,"37.968,00"
10/12/2008,"39.004,00"
11/12/2008,"38.519,00"
12/12/2008,"39.373,00"
15/12/2008,"38.320,00"
16/12/2008,"39.993,00"
17/12/2008,"39.947,00"
18/12/2008,"39.536,00"
19/12/2008,"39.131,00"
22/12/2008,"37.618,00"
23/12/2008,"36.470,00"
26/12/2008,"36.864,00"
29/12/2008,"37.060,00"
30/12/2008,"37.550,00"
02/01/2009,"40.244,00"
05/01/2009,"41.518,00"
06/01/2009,"42.312,00"
07/01/2009,"40.820,00"
08/01/2009,"41.990,00"
09/01/2009,"41.582,00"
12/01/2009,"39.403,00"
14/01/2009,"37.981,00"
15/01/2009,"39.151,00"
16/01/2009,"39.341,00"
19/01/2009,"38.828,00"
20/01/2009,"37.272,00"
21/01/2009,"38.542,00"
22/01/2009,"37.894,00"
23/01/2009,"38.132,00"
26/01/2009,"38.509,00"
27/01/2009,"38.698,00"
28/01/2009,"40.227,00"
29/01/2009,"39.638,00"
30/01/2009,"39.300,00"
02/02/2009,"38.666,00"
04/02/2009,"40.129,00"
05/02/2009,"41.108,00"
06/02/2009,"42.755,00"
10/02/2009,"41.207,00"
11/02/2009,"40.845,00"
12/02/2009,"40.500,00"
13/02/2009,"41.673,00"
16/02/2009,"41.841,00"
17/02/2009,"39.846,00"
18/02/2009,"39.674,00"
19/02/2009,"39.730,00"
20/02/2009,"38.714,00"
25/02/2009,"38.231,00"
26/02/2009,"38.180,00"
27/02/2009,"38.183,00"
02/03/2009,"36.234,00"
03/03/2009,"36.467,00"
04/03/2009,"38.402,00"
06/03/2009,"37.105,00"
09/03/2009,"36.741,00"
10/03/2009,"38.794,00"
11/03/2009,"38.804,00"
12/03/2009,"39.151,00"
13/03/2009,"39.015,00"
16/03/2009,"38.607,00"
17/03/2009,"39.510,00"
20/03/2009,"40.076,00"
23/03/2009,"42.438,00"
24/03/2009,"41.475,00"
25/03/2009,"41.799,00"
26/03/2009,"42.588,00"
27/03/2009,"41.907,00"
30/03/2009,"40.653,00"
01/04/2009,"41.976,00"
02/04/2009,"43.736,00"
03/04/2009,"44.390,00"
06/04/2009,"44.167,00"
07/04/2009,"43.824,00"
08/04/2009,"44.181,00"
09/04/2009,"45.538,00"
13/04/2009,"45.991,00"
14/04/2009,"45.418,00"
15/04/2009,"45.272,00"
16/04/2009,"46.024,00"
17/04/2009,"45.778,00"
20/04/2009,"44.433,00"
22/04/2009,"44.888,00"
23/04/2009,"45.801,00"
24/04/2009,"46.771,00"
27/04/2009,"45.819,00"
28/04/2009,"45.821,00"
29/04/2009,"47.226,00"
04/05/2009,"50.404,00"
05/05/2009,"50.669,00"
06/05/2009,"51.499,00"
07/05/2009,"50.058,00"
08/05/2009,"51.395,00"
11/05/2009,"50.976,00"
12/05/2009,"50.325,00"
13/05/2009,"48.679,00"
14/05/2009,"49.446,00"
15/05/2009,"49.007,00"
18/05/2009,"51.463,00"
19/05/2009,"51.346,00"
20/05/2009,"51.245,00"
21/05/2009,"50.087,00"
22/05/2009,"50.568,00"
25/05/2009,"50.816,00"
26/05/2009,"51.840,00"
27/05/2009,"51.791,00"
28/05/2009,"53.040,00"
29/05/2009,"53.197,00"
01/06/2009,"54.486,00"
02/06/2009,"53.999,00"
03/06/2009,"52.086,00"
04/06/2009,"53.463,00"
05/06/2009,"53.341,00"
08/06/2009,"53.630,00"
09/06/2009,"53.157,00"
10/06/2009,"53.410,00"
12/06/2009,"53.558,00"
15/06/2009,"52.033,00"
16/06/2009,"51.205,00"
17/06/2009,"51.045,00"
18/06/2009,"50.903,00"
19/06/2009,"51.373,00"
22/06/2009,"49.494,00"
23/06/2009,"49.813,00"
24/06/2009,"49.672,00"
25/06/2009,"51.514,00"
26/06/2009,"51.485,00"
29/06/2009,"52.137,00"
30/06/2009,"51.465,00"
01/07/2009,"51.543,00"
02/07/2009,"51.024,00"
03/07/2009,"50.934,00"
06/07/2009,"50.622,00"
07/07/2009,"49.456,00"
08/07/2009,"49.177,00"
10/07/2009,"49.220,00"
13/07/2009,"49.186,00"
14/07/2009,"48.872,00"
15/07/2009,"51.296,00"
16/07/2009,"51.918,00"
17/07/2009,"52.072,00"
20/07/2009,"53.154,00"
21/07/2009,"53.233,00"
22/07/2009,"53.072,00"
23/07/2009,"54.249,00"
24/07/2009,"54.457,00"
27/07/2009,"54.548,00"
28/07/2009,"54.471,00"
29/07/2009,"53.734,00"
30/07/2009,"54.478,00"
31/07/2009,"54.765,00"
03/08/2009,"55.997,00"
04/08/2009,"56.038,00"
05/08/2009,"56.384,00"
06/08/2009,"55.754,00"
07/08/2009,"56.329,00"
10/08/2009,"56.830,00"
11/08/2009,"55.761,00"
12/08/2009,"56.588,00"
13/08/2009,"57.047,00"
14/08/2009,"56.638,00"
17/08/2009,"55.218,00"
18/08/2009,"55.748,00"
19/08/2009,"56.156,00"
20/08/2009,"56.831,00"
21/08/2009,"57.728,00"
24/08/2009,"57.775,00"
25/08/2009,"57.421,00"
26/08/2009,"57.765,00"
27/08/2009,"57.703,00"
28/08/2009,"57.700,00"
31/08/2009,"56.488,00"
01/09/2009,"55.814,00"
02/09/2009,"55.385,00"
03/09/2009,"55.707,00"
04/09/2009,"56.652,00"
08/09/2009,"57.854,00"
09/09/2009,"57.909,00"
10/09/2009,"58.535,00"
11/09/2009,"58.366,00"
14/09/2009,"58.867,00"
15/09/2009,"59.263,00"
16/09/2009,"60.410,00"
17/09/2009,"60.236,00"
18/09/2009,"60.703,00"
21/09/2009,"60.928,00"
22/09/2009,"61.493,00"
23/09/2009,"60.496,00"
24/09/2009,"60.046,00"
25/09/2009,"60.355,00"
28/09/2009,"61.316,00"
29/09/2009,"61.235,00"
30/09/2009,"61.517,00"
01/10/2009,"60.459,00"
02/10/2009,"61.171,00"
05/10/2009,"62.369,00"
06/10/2009,"62.670,00"
07/10/2009,"62.638,00"
08/10/2009,"63.759,00"
09/10/2009,"64.071,00"
13/10/2009,"64.645,00"
14/10/2009,"66.201,00"
15/10/2009,"66.703,00"
16/10/2009,"66.200,00"
19/10/2009,"67.239,00"
21/10/2009,"65.485,00"
23/10/2009,"65.058,00"
26/10/2009,"65.085,00"
28/10/2009,"60.162,00"
29/10/2009,"63.720,00"
30/10/2009,"61.545,00"
03/11/2009,"62.643,00"
04/11/2009,"63.912,00"
05/11/2009,"64.815,00"
06/11/2009,"64.466,00"
09/11/2009,"66.214,00"
10/11/2009,"66.303,00"
12/11/2009,"64.447,00"
13/11/2009,"65.325,00"
17/11/2009,"67.405,00"
18/11/2009,"66.515,00"
19/11/2009,"66.327,00"
23/11/2009,"66.809,00"
24/11/2009,"67.317,00"
25/11/2009,"67.917,00"
26/11/2009,"66.391,00"
27/11/2009,"67.082,00"
30/11/2009,"67.044,00"
01/12/2009,"68.408,00"
02/12/2009,"68.614,00"
03/12/2009,"68.314,00"
04/12/2009,"67.603,00"
07/12/2009,"68.512,00"
08/12/2009,"67.728,00"
09/12/2009,"68.011,00"
10/12/2009,"68.728,00"
11/12/2009,"69.267,00"
14/12/2009,"69.349,00"
15/12/2009,"69.310,00"
16/12/2009,"68.622,00"
17/12/2009,"67.067,00"
18/12/2009,"66.794,00"
21/12/2009,"65.925,00"
22/12/2009,"67.417,00"
23/12/2009,"67.588,00"
28/12/2009,"67.901,00"
29/12/2009,"68.296,00"
30/12/2009,"68.588,00"
04/01/2010,"70.045,00"
05/01/2010,"70.239,00"
06/01/2010,"70.729,00"
11/01/2010,"70.433,00"
12/01/2010,"70.075,00"
13/01/2010,"70.385,00"
14/01/2010,"69.801,00"
15/01/2010,"68.978,00"
18/01/2010,"69.400,00"
19/01/2010,"69.908,00"
20/01/2010,"68.200,00"
21/01/2010,"66.270,00"
22/01/2010,"66.220,00"
26/01/2010,"65.523,00"
27/01/2010,"65.069,00"
28/01/2010,"65.587,00"
29/01/2010,"65.401,00"
01/02/2010,"66.571,00"
02/02/2010,"67.163,00"
03/02/2010,"67.108,00"
04/02/2010,"63.934,00"
05/02/2010,"62.762,00"
08/02/2010,"63.153,00"
09/02/2010,"64.718,00"
10/02/2010,"65.051,00"
11/02/2010,"66.128,00"
12/02/2010,"65.854,00"
17/02/2010,"67.284,00"
18/02/2010,"67.836,00"
19/02/2010,"67.597,00"
22/02/2010,"67.184,00"
23/02/2010,"66.108,00"
24/02/2010,"65.794,00"
25/02/2010,"66.121,00"
26/02/2010,"66.503,00"
01/03/2010,"67.227,00"
02/03/2010,"67.779,00"
03/03/2010,"67.641,00"
04/03/2010,"67.814,00"
05/03/2010,"68.846,00"
08/03/2010,"68.575,00"
09/03/2010,"69.576,00"
10/03/2010,"69.979,00"
11/03/2010,"69.884,00"
12/03/2010,"69.341,00"
15/03/2010,"69.023,00"
17/03/2010,"69.723,00"
18/03/2010,"69.697,00"
19/03/2010,"68.828,00"
22/03/2010,"69.041,00"
23/03/2010,"69.386,00"
24/03/2010,"68.913,00"
25/03/2010,"68.441,00"
26/03/2010,"68.682,00"
29/03/2010,"69.939,00"
30/03/2010,"69.959,00"
31/03/2010,"70.371,00"
01/04/2010,"71.136,00"
05/04/2010,"71.289,00"
06/04/2010,"71.095,00"
07/04/2010,"70.792,00"
09/04/2010,"71.417,00"
12/04/2010,"70.614,00"
13/04/2010,"70.792,00"
14/04/2010,"71.034,00"
15/04/2010,"70.524,00"
16/04/2010,"69.421,00"
19/04/2010,"69.097,00"
20/04/2010,"69.318,00"
22/04/2010,"69.386,00"
23/04/2010,"69.509,00"
26/04/2010,"68.871,00"
27/04/2010,"66.511,00"
28/04/2010,"66.655,00"
29/04/2010,"67.978,00"
30/04/2010,"67.529,00"
04/05/2010,"64.869,00"
05/05/2010,"64.914,00"
06/05/2010,"63.414,00"
07/05/2010,"62.870,00"
10/05/2010,"65.452,00"
11/05/2010,"64.424,00"
12/05/2010,"65.223,00"
13/05/2010,"64.788,00"
14/05/2010,"63.412,00"
17/05/2010,"62.866,00"
18/05/2010,"60.841,00"
19/05/2010,"59.689,00"
20/05/2010,"58.192,00"
21/05/2010,"60.259,00"
24/05/2010,"59.915,00"
25/05/2010,"59.184,00"
26/05/2010,"60.190,00"
27/05/2010,"62.091,00"
28/05/2010,"61.946,00"
31/05/2010,"63.046,00"
01/06/2010,"61.840,00"
02/06/2010,"62.942,00"
04/06/2010,"61.675,00"
07/06/2010,"61.182,00"
08/06/2010,"61.793,00"
09/06/2010,"61.478,00"
10/06/2010,"63.048,00"
11/06/2010,"63.605,00"
14/06/2010,"63.532,00"
15/06/2010,"64.442,00"
16/06/2010,"64.750,00"
17/06/2010,"64.540,00"
18/06/2010,"64.437,00"
21/06/2010,"64.441,00"
22/06/2010,"64.810,00"
23/06/2010,"65.160,00"
24/06/2010,"63.936,00"
28/06/2010,"64.225,00"
29/06/2010,"61.977,00"
30/06/2010,"60.935,00"
01/07/2010,"61.236,00"
02/07/2010,"61.429,00"
05/07/2010,"60.865,00"
06/07/2010,"62.064,00"
08/07/2010,"63.476,00"
13/07/2010,"63.685,00"
14/07/2010,"63.479,00"
15/07/2010,"63.489,00"
16/07/2010,"62.339,00"
19/07/2010,"63.297,00"
20/07/2010,"64.462,00"
21/07/2010,"64.476,00"
22/07/2010,"65.748,00"
23/07/2010,"66.322,00"
26/07/2010,"66.443,00"
27/07/2010,"66.674,00"
28/07/2010,"66.808,00"
29/07/2010,"66.953,00"
30/07/2010,"67.515,00"
02/08/2010,"68.517,00"
03/08/2010,"67.997,00"
04/08/2010,"68.272,00"
05/08/2010,"68.411,00"
06/08/2010,"68.094,00"
09/08/2010,"67.862,00"
10/08/2010,"67.223,00"
11/08/2010,"65.790,00"
12/08/2010,"65.966,00"
13/08/2010,"66.264,00"
16/08/2010,"66.701,00"
17/08/2010,"67.583,00"
18/08/2010,"67.638,00"
19/08/2010,"66.887,00"
20/08/2010,"66.677,00"
23/08/2010,"65.981,00"
24/08/2010,"65.156,00"
25/08/2010,"64.803,00"
26/08/2010,"63.867,00"
27/08/2010,"65.585,00"
30/08/2010,"64.260,00"
31/08/2010,"65.145,00"
02/09/2010,"66.808,00"
03/09/2010,"66.678,00"
06/09/2010,"66.747,00"
08/09/2010,"66.407,00"
10/09/2010,"66.806,00"
13/09/2010,"68.030,00"
14/09/2010,"67.691,00"
15/09/2010,"68.106,00"
16/09/2010,"67.662,00"
17/09/2010,"67.089,00"
21/09/2010,"67.719,00"
23/09/2010,"68.794,00"
24/09/2010,"68.196,00"
27/09/2010,"68.815,00"
28/09/2010,"69.227,00"
29/09/2010,"69.228,00"
30/09/2010,"69.429,00"
01/10/2010,"70.229,00"
04/10/2010,"70.384,00"
05/10/2010,"71.283,00"
06/10/2010,"70.541,00"
07/10/2010,"69.918,00"
08/10/2010,"70.808,00"
11/10/2010,"70.946,00"
13/10/2010,"71.674,00"
14/10/2010,"71.692,00"
15/10/2010,"71.830,00"
18/10/2010,"71.735,00"
19/10/2010,"69.863,00"
20/10/2010,"70.404,00"
21/10/2010,"69.652,00"
22/10/2010,"69.529,00"
25/10/2010,"69.580,00"
26/10/2010,"70.740,00"
27/10/2010,"70.568,00"
28/10/2010,"70.320,00"
29/10/2010,"70.673,00"
01/11/2010,"71.560,00"
04/11/2010,"72.995,00"
05/11/2010,"72.606,00"
09/11/2010,"71.679,00"
10/11/2010,"71.638,00"
11/11/2010,"71.195,00"
12/11/2010,"70.367,00"
16/11/2010,"69.192,00"
17/11/2010,"69.708,00"
18/11/2010,"70.781,00"
19/11/2010,"70.897,00"
22/11/2010,"69.632,00"
23/11/2010,"67.952,00"
24/11/2010,"69.629,00"
25/11/2010,"69.361,00"
26/11/2010,"68.226,00"
29/11/2010,"67.908,00"
30/11/2010,"67.705,00"
01/12/2010,"69.345,00"
02/12/2010,"69.527,00"
03/12/2010,"69.766,00"
06/12/2010,"69.551,00"
07/12/2010,"69.337,00"
08/12/2010,"68.174,00"
09/12/2010,"67.879,00"
10/12/2010,"68.341,00"
13/12/2010,"69.126,00"
14/12/2010,"68.742,00"
15/12/2010,"67.870,00"
16/12/2010,"67.306,00"
17/12/2010,"67.981,00"
20/12/2010,"67.263,00"
21/12/2010,"68.214,00"
22/12/2010,"68.470,00"
23/12/2010,"68.485,00"
27/12/2010,"67.803,00"
28/12/2010,"68.040,00"
29/12/2010,"68.952,00"
30/12/2010,"69.304,00"
03/01/2011,"69.962,00"
04/01/2011,"70.317,00"
05/01/2011,"71.091,00"
06/01/2011,"70.578,00"
07/01/2011,"70.057,00"
10/01/2011,"70.127,00"
11/01/2011,"70.423,00"
12/01/2011,"71.632,00"
13/01/2011,"70.721,00"
14/01/2011,"70.940,00"
17/01/2011,"70.609,00"
18/01/2011,"70.919,00"
19/01/2011,"70.058,00"
20/01/2011,"69.561,00"
21/01/2011,"69.133,00"
24/01/2011,"69.426,00"
26/01/2011,"68.709,00"
27/01/2011,"68.050,00"
28/01/2011,"66.697,00"
31/01/2011,"66.574,00"
02/02/2011,"66.688,00"
04/02/2011,"65.269,00"
07/02/2011,"65.362,00"
09/02/2011,"64.217,00"
10/02/2011,"64.577,00"
11/02/2011,"65.755,00"
14/02/2011,"66.557,00"
15/02/2011,"66.341,00"
16/02/2011,"67.576,00"
17/02/2011,"67.684,00"
18/02/2011,"68.066,00"
21/02/2011,"67.258,00"
22/02/2011,"66.439,00"
23/02/2011,"66.910,00"
25/02/2011,"66.902,00"
28/02/2011,"67.383,00"
01/03/2011,"66.242,00"
02/03/2011,"67.281,00"
03/03/2011,"68.145,00"
04/03/2011,"68.012,00"
10/03/2011,"66.040,00"
11/03/2011,"66.684,00"
14/03/2011,"67.169,00"
15/03/2011,"67.005,00"
16/03/2011,"66.002,00"
17/03/2011,"66.215,00"
18/03/2011,"66.879,00"
22/03/2011,"66.689,00"
23/03/2011,"67.795,00"
25/03/2011,"67.532,00"
28/03/2011,"67.192,00"
30/03/2011,"67.418,00"
31/03/2011,"67.997,00"
01/04/2011,"68.586,00"
05/04/2011,"69.703,00"
06/04/2011,"69.837,00"
07/04/2011,"69.176,00"
08/04/2011,"68.718,00"
11/04/2011,"68.164,00"
12/04/2011,"66.896,00"
13/04/2011,"66.486,00"
14/04/2011,"66.278,00"
15/04/2011,"66.684,00"
18/04/2011,"65.415,00"
19/04/2011,"66.158,00"
20/04/2011,"67.058,00"
25/04/2011,"66.972,00"
26/04/2011,"67.144,00"
27/04/2011,"66.264,00"
28/04/2011,"65.673,00"
29/04/2011,"66.132,00"
02/05/2011,"65.462,00"
03/05/2011,"64.318,00"
04/05/2011,"63.615,00"
05/05/2011,"63.407,00"
06/05/2011,"64.417,00"
10/05/2011,"64.621,00"
11/05/2011,"63.775,00"
12/05/2011,"64.003,00"
13/05/2011,"63.235,00"
17/05/2011,"63.673,00"
18/05/2011,"62.840,00"
19/05/2011,"62.367,00"
20/05/2011,"62.596,00"
23/05/2011,"62.345,00"
24/05/2011,"63.336,00"
25/05/2011,"63.388,00"
26/05/2011,"64.098,00"
27/05/2011,"64.294,00"
30/05/2011,"63.953,00"
31/05/2011,"64.620,00"
01/06/2011,"63.411,00"
02/06/2011,"64.218,00"
03/06/2011,"64.340,00"
06/06/2011,"63.067,00"
08/06/2011,"63.032,00"
09/06/2011,"63.468,00"
10/06/2011,"62.697,00"
13/06/2011,"62.022,00"
14/06/2011,"62.204,00"
15/06/2011,"61.603,00"
16/06/2011,"60.880,00"
17/06/2011,"61.059,00"
20/06/2011,"61.168,00"
21/06/2011,"61.423,00"
22/06/2011,"61.194,00"
24/06/2011,"61.016,00"
27/06/2011,"61.216,00"
28/06/2011,"62.303,00"
29/06/2011,"62.333,00"
30/06/2011,"62.403,00"
01/07/2011,"63.394,00"
04/07/2011,"63.891,00"
05/07/2011,"63.038,00"
06/07/2011,"62.565,00"
07/07/2011,"62.207,00"
08/07/2011,"61.513,00"
11/07/2011,"60.223,00"
12/07/2011,"59.704,00"
13/07/2011,"60.669,00"
14/07/2011,"59.679,00"
15/07/2011,"59.478,00"
19/07/2011,"59.082,00"
20/07/2011,"59.119,00"
21/07/2011,"60.262,00"
22/07/2011,"60.270,00"
26/07/2011,"59.339,00"
27/07/2011,"58.288,00"
28/07/2011,"58.708,00"
01/08/2011,"58.535,00"
02/08/2011,"57.310,00"
03/08/2011,"56.017,00"
04/08/2011,"52.811,00"
05/08/2011,"52.949,00"
08/08/2011,"48.668,00"
09/08/2011,"51.150,00"
10/08/2011,"51.395,00"
11/08/2011,"53.343,00"
15/08/2011,"54.651,00"
16/08/2011,"54.323,00"
18/08/2011,"53.134,00"
19/08/2011,"52.447,00"
22/08/2011,"52.440,00"
23/08/2011,"53.786,00"
25/08/2011,"52.953,00"
26/08/2011,"53.350,00"
29/08/2011,"54.860,00"
30/08/2011,"55.385,00"
31/08/2011,"56.495,00"
01/09/2011,"58.118,00"
02/09/2011,"56.531,00"
05/09/2011,"54.998,00"
06/09/2011,"56.607,00"
08/09/2011,"57.623,00"
09/09/2011,"55.778,00"
12/09/2011,"55.685,00"
13/09/2011,"55.543,00"
14/09/2011,"56.286,00"
15/09/2011,"56.381,00"
16/09/2011,"57.210,00"
19/09/2011,"57.102,00"
20/09/2011,"56.378,00"
21/09/2011,"55.981,00"
22/09/2011,"53.280,00"
23/09/2011,"53.230,00"
27/09/2011,"53.920,00"
28/09/2011,"53.270,00"
29/09/2011,"53.384,00"
30/09/2011,"52.324,00"
03/10/2011,"50.791,00"
05/10/2011,"51.013,00"
06/10/2011,"52.290,00"
07/10/2011,"51.243,00"
10/10/2011,"53.273,00"
11/10/2011,"53.838,00"
13/10/2011,"54.601,00"
14/10/2011,"55.030,00"
18/10/2011,"53.911,00"
19/10/2011,"54.966,00"
20/10/2011,"54.009,00"
21/10/2011,"55.255,00"
25/10/2011,"56.891,00"
26/10/2011,"56.285,00"
27/10/2011,"57.143,00"
28/10/2011,"59.270,00"
31/10/2011,"59.513,00"
01/11/2011,"57.322,00"
03/11/2011,"58.196,00"
04/11/2011,"58.669,00"
07/11/2011,"59.198,00"
08/11/2011,"59.026,00"
09/11/2011,"57.549,00"
11/11/2011,"58.546,00"
14/11/2011,"58.258,00"
16/11/2011,"58.559,00"
17/11/2011,"56.988,00"
18/11/2011,"56.731,00"
21/11/2011,"56.284,00"
22/11/2011,"55.878,00"
23/11/2011,"54.972,00"
24/11/2011,"55.279,00"
25/11/2011,"54.894,00"
28/11/2011,"56.017,00"
29/11/2011,"55.299,00"
30/11/2011,"56.874,00"
01/12/2011,"58.143,00"
02/12/2011,"57.885,00"
05/12/2011,"58.910,00"
06/12/2011,"59.536,00"
07/12/2011,"58.662,00"
09/12/2011,"58.236,00"
13/12/2011,"57.494,00"
14/12/2011,"56.646,00"
15/12/2011,"56.331,00"
16/12/2011,"56.096,00"
20/12/2011,"56.864,00"
21/12/2011,"56.653,00"
22/12/2011,"57.347,00"
23/12/2011,"57.701,00"
26/12/2011,"57.669,00"
27/12/2011,"58.005,00"
28/12/2011,"56.533,00"
29/12/2011,"56.754,00"
02/01/2012,"57.829,00"
03/01/2012,"59.264,00"
04/01/2012,"59.364,00"
05/01/2012,"58.546,00"
06/01/2012,"58.600,00"
09/01/2012,"59.082,00"
10/01/2012,"59.805,00"
11/01/2012,"59.962,00"
12/01/2012,"59.920,00"
13/01/2012,"59.146,00"
16/01/2012,"59.956,00"
18/01/2012,"61.722,00"
19/01/2012,"61.926,00"
20/01/2012,"62.312,00"
23/01/2012,"62.386,00"
24/01/2012,"62.486,00"
26/01/2012,"62.953,00"
27/01/2012,"62.904,00"
30/01/2012,"62.770,00"
31/01/2012,"63.072,00"
01/02/2012,"64.567,00"
02/02/2012,"64.593,00"
03/02/2012,"65.217,00"
06/02/2012,"65.223,00"
07/02/2012,"65.917,00"
08/02/2012,"65.831,00"
09/02/2012,"65.530,00"
10/02/2012,"63.997,00"
13/02/2012,"65.691,00"
14/02/2012,"65.038,00"
15/02/2012,"65.368,00"
16/02/2012,"66.141,00"
17/02/2012,"66.203,00"
22/02/2012,"66.092,00"
23/02/2012,"65.819,00"
24/02/2012,"65.942,00"
27/02/2012,"65.241,00"
28/02/2012,"65.958,00"
29/02/2012,"65.811,00"
02/03/2012,"67.781,00"
05/03/2012,"66.964,00"
06/03/2012,"65.114,00"
08/03/2012,"66.908,00"
09/03/2012,"66.703,00"
12/03/2012,"66.384,00"
13/03/2012,"68.394,00"
14/03/2012,"68.257,00"
15/03/2012,"67.749,00"
16/03/2012,"67.684,00"
20/03/2012,"67.295,00"
22/03/2012,"66.860,00"
23/03/2012,"65.812,00"
26/03/2012,"66.684,00"
27/03/2012,"66.037,00"
28/03/2012,"65.079,00"
29/03/2012,"64.871,00"
02/04/2012,"65.216,00"
03/04/2012,"64.284,00"
04/04/2012,"63.528,00"
05/04/2012,"63.691,00"
09/04/2012,"62.923,00"
10/04/2012,"61.738,00"
11/04/2012,"61.293,00"
12/04/2012,"63.058,00"
13/04/2012,"62.105,00"
17/04/2012,"62.698,00"
18/04/2012,"63.010,00"
19/04/2012,"62.618,00"
20/04/2012,"62.494,00"
23/04/2012,"61.539,00"
24/04/2012,"61.971,00"
25/04/2012,"61.750,00"
26/04/2012,"62.198,00"
27/04/2012,"61.691,00"
02/05/2012,"61.820,00"
03/05/2012,"62.104,00"
04/05/2012,"60.820,00"
07/05/2012,"61.220,00"
08/05/2012,"60.365,00"
09/05/2012,"59.786,00"
10/05/2012,"59.702,00"
14/05/2012,"57.539,00"
15/05/2012,"56.237,00"
16/05/2012,"55.887,00"
17/05/2012,"54.038,00"
18/05/2012,"54.513,00"
21/05/2012,"56.590,00"
22/05/2012,"55.038,00"
23/05/2012,"54.619,00"
24/05/2012,"54.063,00"
25/05/2012,"54.463,00"
28/05/2012,"55.212,00"
29/05/2012,"54.633,00"
30/05/2012,"53.797,00"
01/06/2012,"53.402,00"
04/06/2012,"53.416,00"
05/06/2012,"52.481,00"
06/06/2012,"54.156,00"
08/06/2012,"54.429,00"
11/06/2012,"54.001,00"
12/06/2012,"55.049,00"
13/06/2012,"55.650,00"
14/06/2012,"55.351,00"
15/06/2012,"56.104,00"
18/06/2012,"56.195,00"
19/06/2012,"57.195,00"
20/06/2012,"57.166,00"
21/06/2012,"55.505,00"
22/06/2012,"55.439,00"
25/06/2012,"53.805,00"
26/06/2012,"53.836,00"
27/06/2012,"53.108,00"
28/06/2012,"52.652,00"
29/06/2012,"54.354,00"
02/07/2012,"54.692,00"
03/07/2012,"55.780,00"
05/07/2012,"56.379,00"
06/07/2012,"55.394,00"
10/07/2012,"53.705,00"
11/07/2012,"53.569,00"
12/07/2012,"53.420,00"
13/07/2012,"54.330,00"
16/07/2012,"53.401,00"
17/07/2012,"53.909,00"
18/07/2012,"54.583,00"
19/07/2012,"55.346,00"
20/07/2012,"54.194,00"
23/07/2012,"53.033,00"
24/07/2012,"52.638,00"
25/07/2012,"52.607,00"
26/07/2012,"54.002,00"
27/07/2012,"56.553,00"
30/07/2012,"57.240,00"
31/07/2012,"56.097,00"
01/08/2012,"56.291,00"
02/08/2012,"55.520,00"
03/08/2012,"57.255,00"
06/08/2012,"58.344,00"
07/08/2012,"57.725,00"
08/08/2012,"58.950,00"
10/08/2012,"58.797,00"
13/08/2012,"59.122,00"
14/08/2012,"58.082,92"
15/08/2012,"58.189,28"
16/08/2012,"59.445,79"
17/08/2012,"59.082,37"
20/08/2012,"59.283,09"
21/08/2012,"58.917,73"
22/08/2012,"59.380,76"
23/08/2012,"58.511,55"
24/08/2012,"58.425,76"
27/08/2012,"58.111,46"
28/08/2012,"58.406,40"
29/08/2012,"57.369,19"
30/08/2012,"57.256,43"
31/08/2012,"57.061,45"
03/09/2012,"57.281,45"
05/09/2012,"56.863,91"
06/09/2012,"58.321,24"
10/09/2012,"58.404,10"
11/09/2012,"59.422,55"
12/09/2012,"59.921,80"
13/09/2012,"61.958,12"
14/09/2012,"62.105,47"
17/09/2012,"61.805,98"
18/09/2012,"61.804,33"
19/09/2012,"61.651,83"
20/09/2012,"61.687,97"
21/09/2012,"61.320,07"
24/09/2012,"61.909,99"
25/09/2012,"60.501,10"
26/09/2012,"60.478,05"
27/09/2012,"60.239,79"
28/09/2012,"59.175,86"
01/10/2012,"59.570,80"
02/10/2012,"59.222,08"
03/10/2012,"58.627,33"
04/10/2012,"58.458,00"
05/10/2012,"58.571,59"
08/10/2012,"59.317,15"
09/10/2012,"58.939,46"
10/10/2012,"58.456,28"
11/10/2012,"59.161,72"
15/10/2012,"59.601,71"
16/10/2012,"59.743,87"
17/10/2012,"60.087,29"
18/10/2012,"59.733,90"
19/10/2012,"58.922,04"
22/10/2012,"58.700,30"
23/10/2012,"57.690,24"
24/10/2012,"57.160,74"
25/10/2012,"57.836,78"
26/10/2012,"57.276,81"
29/10/2012,"57.176,58"
30/10/2012,"57.683,76"
31/10/2012,"57.068,18"
01/11/2012,"58.382,68"
05/11/2012,"58.209,76"
06/11/2012,"59.458,59"
07/11/2012,"58.517,35"
08/11/2012,"57.524,45"
09/11/2012,"57.357,71"
12/11/2012,"57.064,31"
13/11/2012,"57.486,07"
14/11/2012,"56.279,36"
15/11/2012,"56.279,00"
16/11/2012,"55.402,33"
19/11/2012,"56.450,86"
21/11/2012,"56.242,12"
22/11/2012,"56.436,97"
23/11/2012,"57.574,03"
26/11/2012,"56.737,10"
27/11/2012,"56.248,09"
28/11/2012,"56.539,40"
29/11/2012,"57.852,53"
30/11/2012,"57.474,57"
03/12/2012,"58.202,35"
04/12/2012,"57.563,23"
05/12/2012,"57.678,62"
06/12/2012,"57.656,42"
07/12/2012,"58.487,32"
10/12/2012,"59.248,23"
11/12/2012,"59.623,34"
12/12/2012,"59.474,18"
13/12/2012,"59.316,75"
14/12/2012,"59.604,92"
17/12/2012,"59.566,52"
18/12/2012,"60.460,73"
19/12/2012,"60.998,34"
20/12/2012,"61.276,12"
21/12/2012,"61.007,03"
26/12/2012,"60.959,79"
27/12/2012,"60.415,95"
28/12/2012,"60.952,08"
02/01/2013,"62.550,10"
03/01/2013,"63.312,46"
04/01/2013,"62.523,06"
07/01/2013,"61.932,54"
08/01/2013,"61.127,84"
09/01/2013,"61.578,58"
10/01/2013,"61.678,31"
11/01/2013,"61.497,43"
14/01/2013,"62.080,79"
15/01/2013,"61.727,61"
16/01/2013,"61.787,35"
17/01/2013,"62.194,06"
18/01/2013,"61.956,14"
21/01/2013,"61.899,71"
22/01/2013,"61.692,29"
23/01/2013,"61.966,26"
24/01/2013,"61.169,83"
28/01/2013,"60.027,07"
29/01/2013,"60.406,33"
30/01/2013,"59.336,70"
31/01/2013,"59.761,49"
01/02/2013,"60.351,16"
04/02/2013,"59.575,66"
05/02/2013,"59.444,97"
06/02/2013,"58.951,07"
07/02/2013,"58.372,46"
08/02/2013,"58.497,83"
13/02/2013,"58.405,74"
14/02/2013,"58.077,31"
15/02/2013,"57.903,30"
18/02/2013,"57.613,90"
19/02/2013,"57.314,40"
20/02/2013,"56.177,60"
21/02/2013,"56.154,68"
22/02/2013,"56.697,06"
25/02/2013,"56.617,56"
26/02/2013,"56.948,87"
27/02/2013,"57.273,88"
28/02/2013,"57.424,29"
01/03/2013,"56.883,99"
04/03/2013,"56.499,17"
05/03/2013,"55.950,73"
06/03/2013,"57.940,14"
07/03/2013,"58.846,81"
08/03/2013,"58.432,75"
11/03/2013,"58.544,79"
12/03/2013,"58.208,61"
13/03/2013,"57.385,90"
14/03/2013,"57.281,02"
15/03/2013,"56.869,28"
18/03/2013,"56.972,96"
19/03/2013,"56.361,24"
20/03/2013,"56.030,03"
21/03/2013,"55.576,67"
22/03/2013,"55.243,40"
25/03/2013,"54.873,12"
26/03/2013,"55.671,39"
27/03/2013,"56.034,29"
28/03/2013,"56.352,09"
01/04/2013,"55.902,18"
02/04/2013,"54.889,10"
03/04/2013,"55.562,74"
04/04/2013,"54.648,15"
05/04/2013,"55.050,60"
08/04/2013,"55.092,31"
09/04/2013,"55.912,04"
10/04/2013,"56.186,56"
11/04/2013,"55.400,91"
12/04/2013,"54.962,65"
15/04/2013,"52.949,93"
16/04/2013,"53.990,83"
17/04/2013,"52.881,96"
18/04/2013,"53.165,91"
19/04/2013,"53.928,92"
22/04/2013,"54.297,73"
23/04/2013,"54.884,75"
24/04/2013,"54.984,23"
25/04/2013,"54.963,32"
26/04/2013,"54.252,04"
29/04/2013,"54.887,25"
30/04/2013,"55.910,37"
02/05/2013,"55.321,93"
03/05/2013,"55.488,08"
06/05/2013,"55.429,88"
07/05/2013,"56.274,66"
08/05/2013,"55.804,80"
09/05/2013,"55.447,56"
10/05/2013,"55.107,80"
13/05/2013,"54.447,77"
14/05/2013,"54.666,82"
15/05/2013,"54.936,41"
16/05/2013,"54.772,62"
17/05/2013,"55.164,27"
20/05/2013,"55.700,77"
21/05/2013,"56.265,32"
22/05/2013,"56.429,27"
23/05/2013,"56.349,91"
24/05/2013,"56.406,21"
27/05/2013,"56.395,94"
28/05/2013,"56.036,26"
29/05/2013,"54.634,69"
31/05/2013,"53.506,08"
03/06/2013,"53.944,36"
04/06/2013,"54.017,90"
05/06/2013,"52.798,63"
06/06/2013,"52.884,83"
07/06/2013,"51.618,63"
10/06/2013,"51.316,65"
11/06/2013,"49.769,93"
12/06/2013,"49.180,58"
13/06/2013,"50.414,89"
14/06/2013,"49.332,34"
17/06/2013,"49.088,65"
18/06/2013,"49.464,94"
19/06/2013,"47.893,06"
20/06/2013,"48.214,43"
21/06/2013,"47.056,04"
24/06/2013,"45.965,05"
25/06/2013,"46.893,04"
26/06/2013,"47.171,98"
27/06/2013,"47.609,46"
28/06/2013,"47.457,13"
01/07/2013,"47.229,59"
02/07/2013,"45.228,95"
03/07/2013,"45.044,03"
04/07/2013,"45.763,16"
05/07/2013,"45.210,49"
08/07/2013,"45.075,50"
10/07/2013,"45.483,43"
11/07/2013,"46.626,26"
12/07/2013,"45.533,24"
15/07/2013,"46.738,90"
16/07/2013,"46.869,29"
17/07/2013,"47.407,31"
18/07/2013,"47.656,92"
19/07/2013,"47.400,23"
22/07/2013,"48.574,09"
23/07/2013,"48.819,52"
24/07/2013,"48.374,23"
25/07/2013,"49.066,75"
26/07/2013,"49.422,05"
29/07/2013,"49.212,33"
30/07/2013,"48.561,78"
31/07/2013,"48.234,49"
01/08/2013,"49.140,78"
02/08/2013,"48.474,04"
05/08/2013,"48.436,44"
06/08/2013,"47.421,85"
07/08/2013,"47.446,71"
08/08/2013,"48.928,82"
09/08/2013,"49.874,90"
12/08/2013,"50.299,49"
13/08/2013,"50.600,55"
14/08/2013,"50.895,92"
15/08/2013,"50.908,34"
16/08/2013,"51.538,78"
19/08/2013,"51.574,09"
20/08/2013,"50.507,02"
21/08/2013,"50.405,20"
22/08/2013,"51.397,66"
23/08/2013,"52.197,06"
26/08/2013,"51.429,48"
27/08/2013,"50.091,55"
28/08/2013,"49.866,92"
29/08/2013,"49.921,88"
30/08/2013,"50.008,38"
02/09/2013,"51.835,15"
03/09/2013,"51.625,50"
04/09/2013,"51.716,16"
05/09/2013,"52.351,86"
06/09/2013,"53.749,42"
09/09/2013,"54.251,85"
10/09/2013,"53.979,03"
11/09/2013,"53.570,46"
12/09/2013,"53.307,09"
13/09/2013,"53.797,51"
16/09/2013,"53.821,63"
17/09/2013,"54.271,25"
18/09/2013,"55.702,90"
19/09/2013,"55.095,69"
20/09/2013,"54.110,03"
23/09/2013,"54.602,38"
24/09/2013,"54.431,05"
25/09/2013,"54.261,11"
26/09/2013,"53.782,97"
27/09/2013,"53.738,92"
30/09/2013,"52.338,19"
01/10/2013,"53.179,46"
02/10/2013,"53.100,18"
03/10/2013,"52.489,86"
04/10/2013,"52.848,97"
07/10/2013,"52.417,10"
08/10/2013,"52.312,44"
09/10/2013,"52.547,71"
10/10/2013,"52.996,64"
11/10/2013,"53.149,62"
14/10/2013,"54.170,60"
15/10/2013,"54.980,64"
16/10/2013,"55.973,03"
17/10/2013,"55.358,13"
18/10/2013,"55.378,46"
21/10/2013,"56.077,43"
22/10/2013,"56.460,38"
23/10/2013,"55.440,03"
24/10/2013,"54.877,15"
25/10/2013,"54.154,15"
28/10/2013,"55.073,37"
29/10/2013,"54.538,80"
30/10/2013,"54.172,82"
31/10/2013,"54.256,20"
01/11/2013,"54.013,24"
04/11/2013,"54.436,92"
05/11/2013,"53.831,85"
06/11/2013,"53.384,60"
07/11/2013,"52.740,79"
08/11/2013,"52.248,86"
11/11/2013,"52.623,87"
12/11/2013,"51.804,33"
13/11/2013,"52.230,29"
14/11/2013,"53.451,60"
18/11/2013,"54.307,04"
19/11/2013,"53.032,91"
21/11/2013,"52.688,02"
22/11/2013,"52.800,74"
25/11/2013,"52.263,51"
26/11/2013,"51.446,91"
27/11/2013,"51.861,21"
28/11/2013,"51.846,83"
29/11/2013,"52.482,49"
02/12/2013,"51.244,87"
03/12/2013,"50.348,89"
04/12/2013,"50.215,79"
05/12/2013,"50.787,63"
06/12/2013,"50.944,27"
09/12/2013,"51.165,38"
10/12/2013,"50.993,02"
11/12/2013,"50.067,99"
12/12/2013,"50.121,61"
13/12/2013,"50.051,18"
16/12/2013,"50.279,61"
17/12/2013,"50.090,35"
18/12/2013,"50.563,43"
19/12/2013,"51.633,43"
20/12/2013,"51.185,74"
23/12/2013,"51.356,10"
26/12/2013,"51.221,01"
27/12/2013,"51.266,56"
30/12/2013,"51.507,16"
02/01/2014,"50.341,25"
03/01/2014,"50.981,09"
06/01/2014,"50.973,62"
07/01/2014,"50.430,02"
08/01/2014,"50.576,64"
09/01/2014,"49.321,68"
10/01/2014,"49.696,45"
13/01/2014,"49.426,90"
14/01/2014,"49.703,10"
15/01/2014,"50.105,37"
16/01/2014,"49.696,28"
17/01/2014,"49.181,86"
20/01/2014,"48.708,41"
21/01/2014,"48.542,07"
22/01/2014,"49.299,66"
23/01/2014,"48.320,64"
24/01/2014,"47.787,38"
27/01/2014,"47.701,05"
28/01/2014,"47.840,93"
29/01/2014,"47.556,78"
30/01/2014,"47.244,26"
31/01/2014,"47.638,99"
03/02/2014,"46.147,52"
04/02/2014,"46.964,22"
05/02/2014,"46.624,39"
06/02/2014,"47.738,09"
07/02/2014,"48.073,60"
10/02/2014,"47.710,82"
11/02/2014,"48.462,79"
12/02/2014,"48.216,89"
13/02/2014,"47.812,83"
14/02/2014,"48.201,11"
17/02/2014,"47.576,33"
18/02/2014,"46.599,76"
19/02/2014,"47.150,83"
20/02/2014,"47.288,61"
21/02/2014,"47.380,24"
24/02/2014,"47.393,50"
25/02/2014,"46.715,91"
26/02/2014,"46.599,21"
27/02/2014,"47.606,75"
28/02/2014,"47.094,40"
05/03/2014,"46.589,00"
06/03/2014,"47.093,13"
07/03/2014,"46.244,07"
10/03/2014,"45.533,20"
11/03/2014,"45.697,62"
12/03/2014,"45.861,81"
13/03/2014,"45.443,83"
14/03/2014,"44.965,66"
17/03/2014,"45.117,80"
18/03/2014,"46.150,96"
19/03/2014,"46.567,23"
20/03/2014,"47.278,48"
21/03/2014,"47.380,94"
24/03/2014,"47.993,42"
25/03/2014,"48.180,14"
26/03/2014,"47.965,61"
27/03/2014,"49.646,79"
28/03/2014,"49.768,06"
31/03/2014,"50.414,92"
01/04/2014,"50.270,37"
02/04/2014,"51.701,05"
03/04/2014,"51.408,21"
04/04/2014,"51.081,78"
07/04/2014,"52.155,28"
08/04/2014,"51.629,07"
09/04/2014,"51.185,40"
10/04/2014,"51.127,48"
11/04/2014,"51.867,29"
14/04/2014,"51.596,55"
15/04/2014,"50.454,35"
16/04/2014,"51.200,56"
17/04/2014,"52.111,85"
22/04/2014,"51.976,86"
23/04/2014,"51.569,69"
24/04/2014,"51.817,45"
25/04/2014,"51.399,35"
28/04/2014,"51.383,68"
29/04/2014,"51.838,61"
30/04/2014,"51.626,69"
02/05/2014,"52.980,31"
05/05/2014,"53.446,17"
06/05/2014,"53.779,74"
07/05/2014,"54.052,74"
08/05/2014,"53.422,37"
09/05/2014,"53.100,34"
12/05/2014,"54.052,90"
13/05/2014,"53.907,46"
14/05/2014,"54.412,54"
15/05/2014,"53.855,54"
16/05/2014,"53.975,76"
19/05/2014,"53.353,10"
20/05/2014,"52.366,19"
21/05/2014,"52.203,37"
22/05/2014,"52.806,22"
23/05/2014,"52.626,41"
26/05/2014,"52.932,91"
27/05/2014,"52.172,36"
28/05/2014,"52.639,75"
29/05/2014,"52.239,34"
30/05/2014,"51.239,34"
02/06/2014,"51.605,83"
03/06/2014,"52.032,38"
04/06/2014,"51.832,98"
05/06/2014,"51.558,79"
06/06/2014,"53.128,66"
09/06/2014,"54.273,16"
10/06/2014,"54.604,34"
11/06/2014,"55.102,44"
13/06/2014,"54.806,64"
16/06/2014,"54.629,55"
17/06/2014,"54.299,95"
18/06/2014,"55.202,54"
20/06/2014,"54.638,19"
23/06/2014,"54.210,05"
24/06/2014,"54.280,78"
25/06/2014,"53.425,74"
26/06/2014,"53.506,75"
27/06/2014,"53.157,30"
30/06/2014,"53.168,22"
01/07/2014,"53.171,49"
02/07/2014,"53.028,78"
03/07/2014,"53.874,58"
04/07/2014,"54.055,90"
07/07/2014,"53.801,83"
08/07/2014,"53.634,69"
10/07/2014,"54.592,75"
11/07/2014,"54.785,93"
14/07/2014,"55.743,98"
15/07/2014,"55.973,61"
16/07/2014,"55.717,36"
17/07/2014,"55.637,51"
18/07/2014,"57.012,90"
21/07/2014,"57.633,92"
22/07/2014,"57.983,32"
23/07/2014,"57.419,96"
24/07/2014,"57.977,56"
25/07/2014,"57.821,08"
28/07/2014,"57.695,72"
29/07/2014,"57.118,81"
30/07/2014,"56.877,97"
31/07/2014,"55.829,41"
01/08/2014,"55.902,87"
04/08/2014,"56.616,33"
05/08/2014,"56.202,10"
06/08/2014,"56.487,18"
07/08/2014,"56.188,05"
08/08/2014,"55.572,93"
11/08/2014,"56.613,32"
12/08/2014,"56.442,34"
13/08/2014,"55.581,19"
14/08/2014,"55.780,41"
15/08/2014,"56.963,65"
18/08/2014,"57.560,72"
19/08/2014,"58.449,29"
20/08/2014,"58.878,24"
21/08/2014,"58.992,11"
22/08/2014,"58.407,32"
25/08/2014,"59.735,17"
26/08/2014,"59.821,45"
27/08/2014,"60.950,57"
28/08/2014,"60.290,87"
29/08/2014,"61.288,15"
01/09/2014,"61.141,27"
02/09/2014,"61.895,98"
03/09/2014,"61.837,04"
04/09/2014,"60.800,02"
05/09/2014,"60.681,98"
08/09/2014,"59.192,75"
09/09/2014,"58.676,34"
10/09/2014,"58.198,66"
11/09/2014,"58.337,29"
12/09/2014,"56.927,81"
15/09/2014,"57.948,76"
16/09/2014,"59.114,66"
17/09/2014,"59.108,19"
18/09/2014,"58.374,48"
19/09/2014,"57.788,70"
22/09/2014,"56.818,11"
23/09/2014,"56.540,50"
24/09/2014,"56.824,42"
25/09/2014,"55.962,08"
26/09/2014,"57.212,38"
29/09/2014,"54.625,35"
30/09/2014,"54.115,98"
01/10/2014,"52.858,43"
02/10/2014,"53.518,57"
03/10/2014,"54.539,55"
06/10/2014,"57.115,90"
07/10/2014,"57.436,33"
08/10/2014,"57.058,48"
09/10/2014,"57.267,53"
10/10/2014,"55.311,59"
13/10/2014,"57.956,53"
14/10/2014,"58.015,46"
15/10/2014,"56.135,27"
16/10/2014,"54.298,33"
17/10/2014,"55.723,79"
20/10/2014,"54.302,57"
21/10/2014,"52.432,43"
22/10/2014,"52.411,03"
23/10/2014,"50.713,26"
24/10/2014,"51.940,73"
27/10/2014,"50.503,66"
28/10/2014,"52.330,03"
29/10/2014,"51.049,32"
30/10/2014,"52.336,83"
31/10/2014,"54.628,60"
03/11/2014,"53.947,21"
04/11/2014,"54.383,59"
05/11/2014,"53.698,42"
06/11/2014,"52.637,06"
07/11/2014,"53.222,85"
10/11/2014,"52.725,38"
11/11/2014,"52.474,27"
12/11/2014,"52.978,89"
13/11/2014,"51.846,03"
14/11/2014,"51.772,40"
17/11/2014,"51.256,99"
18/11/2014,"52.061,86"
19/11/2014,"53.402,81"
21/11/2014,"56.084,04"
24/11/2014,"55.406,91"
25/11/2014,"55.560,81"
26/11/2014,"55.098,47"
27/11/2014,"54.721,32"
28/11/2014,"54.664,36"
01/12/2014,"52.276,58"
02/12/2014,"51.612,47"
03/12/2014,"52.320,48"
04/12/2014,"51.426,87"
05/12/2014,"51.992,89"
08/12/2014,"50.274,07"
09/12/2014,"50.193,47"
10/12/2014,"49.548,08"
11/12/2014,"49.861,81"
12/12/2014,"48.001,98"
15/12/2014,"47.018,68"
16/12/2014,"47.007,51"
17/12/2014,"48.713,64"
18/12/2014,"48.495,70"
19/12/2014,"49.650,98"
22/12/2014,"50.120,86"
23/12/2014,"50.889,81"
26/12/2014,"50.144,63"
29/12/2014,"50.593,82"
30/12/2014,"50.007,41"
02/01/2015,"48.512,22"
05/01/2015,"47.516,82"
07/01/2015,"48.000,92"
08/01/2015,"49.943,30"
09/01/2015,"48.840,25"
12/01/2015,"48.139,74"
13/01/2015,"48.041,67"
14/01/2015,"47.645,87"
15/01/2015,"48.026,31"
16/01/2015,"49.016,52"
19/01/2015,"47.758,01"
20/01/2015,"47.876,66"
21/01/2015,"49.224,08"
23/01/2015,"48.775,30"
26/01/2015,"48.576,55"
27/01/2015,"48.591,23"
28/01/2015,"47.694,54"
29/01/2015,"47.762,24"
30/01/2015,"46.907,68"
02/02/2015,"47.650,73"
03/02/2015,"48.963,66"
04/02/2015,"49.301,05"
05/02/2015,"49.233,85"
06/02/2015,"48.792,27"
09/02/2015,"49.382,58"
10/02/2015,"48.510,28"
11/02/2015,"48.239,67"
12/02/2015,"49.532,72"
13/02/2015,"50.635,92"
18/02/2015,"51.280,36"
19/02/2015,"51.294,03"
20/02/2015,"51.237,70"
23/02/2015,"51.280,64"
24/02/2015,"51.874,17"
25/02/2015,"51.811,02"
26/02/2015,"51.760,54"
27/02/2015,"51.583,09"
02/03/2015,"51.020,81"
03/03/2015,"51.304,10"
04/03/2015,"50.468,05"
05/03/2015,"50.365,20"
06/03/2015,"49.981,19"
09/03/2015,"49.181,01"
10/03/2015,"48.293,40"
11/03/2015,"48.905,58"
12/03/2015,"48.880,40"
13/03/2015,"48.595,81"
16/03/2015,"48.848,21"
17/03/2015,"50.285,12"
18/03/2015,"51.526,19"
19/03/2015,"50.953,53"
20/03/2015,"51.966,58"
23/03/2015,"51.908,46"
24/03/2015,"51.506,07"
25/03/2015,"51.858,30"
26/03/2015,"50.579,85"
27/03/2015,"50.094,66"
30/03/2015,"51.243,45"
31/03/2015,"51.150,16"
01/04/2015,"52.321,76"
02/04/2015,"53.123,02"
06/04/2015,"53.737,26"
07/04/2015,"53.729,16"
08/04/2015,"53.661,11"
09/04/2015,"53.802,66"
10/04/2015,"54.214,11"
13/04/2015,"54.239,77"
14/04/2015,"53.981,92"
15/04/2015,"54.918,74"
16/04/2015,"54.674,21"
17/04/2015,"53.954,79"
20/04/2015,"53.761,27"
22/04/2015,"54.617,36"
23/04/2015,"55.684,85"
24/04/2015,"56.594,22"
27/04/2015,"55.534,50"
28/04/2015,"55.812,03"
29/04/2015,"55.325,29"
30/04/2015,"56.229,38"
04/05/2015,"57.353,98"
05/05/2015,"58.051,61"
06/05/2015,"57.103,14"
07/05/2015,"56.921,39"
08/05/2015,"57.149,33"
11/05/2015,"57.197,10"
12/05/2015,"56.792,05"
13/05/2015,"56.372,04"
14/05/2015,"56.656,57"
15/05/2015,"57.248,63"
18/05/2015,"56.204,23"
19/05/2015,"55.498,82"
20/05/2015,"54.901,02"
21/05/2015,"55.112,05"
22/05/2015,"54.377,29"
25/05/2015,"54.609,26"
26/05/2015,"53.629,78"
27/05/2015,"54.236,25"
28/05/2015,"53.976,28"
29/05/2015,"52.760,48"
01/06/2015,"53.031,32"
02/06/2015,"54.236,44"
03/06/2015,"53.522,91"
05/06/2015,"52.973,38"
08/06/2015,"52.809,64"
09/06/2015,"52.815,99"
10/06/2015,"53.876,45"
11/06/2015,"53.688,52"
12/06/2015,"53.347,53"
15/06/2015,"53.137,53"
16/06/2015,"53.702,15"
17/06/2015,"53.248,54"
18/06/2015,"54.238,59"
19/06/2015,"53.749,42"
22/06/2015,"53.863,68"
23/06/2015,"53.772,43"
24/06/2015,"53.842,53"
25/06/2015,"53.175,67"
26/06/2015,"54.016,97"
29/06/2015,"53.014,21"
30/06/2015,"53.080,88"
01/07/2015,"52.757,54"
02/07/2015,"53.106,19"
03/07/2015,"52.519,41"
06/07/2015,"52.149,37"
07/07/2015,"52.343,72"
08/07/2015,"51.781,75"
10/07/2015,"52.590,72"
13/07/2015,"53.119,47"
14/07/2015,"53.239,18"
15/07/2015,"52.902,28"
16/07/2015,"53.069,75"
17/07/2015,"52.341,80"
20/07/2015,"51.600,08"
21/07/2015,"51.474,28"
22/07/2015,"50.915,79"
23/07/2015,"49.806,63"
24/07/2015,"49.245,85"
27/07/2015,"48.735,54"
28/07/2015,"49.601,60"
29/07/2015,"50.245,15"
30/07/2015,"49.897,40"
31/07/2015,"50.864,77"
03/08/2015,"50.138,05"
04/08/2015,"50.058,49"
05/08/2015,"50.287,27"
06/08/2015,"50.011,32"
07/08/2015,"48.577,32"
10/08/2015,"49.353,00"
11/08/2015,"49.072,34"
12/08/2015,"48.388,05"
13/08/2015,"48.009,57"
14/08/2015,"47.508,41"
17/08/2015,"47.217,43"
18/08/2015,"47.450,58"
19/08/2015,"46.588,39"
20/08/2015,"46.649,23"
21/08/2015,"45.719,64"
24/08/2015,"44.336,47"
25/08/2015,"44.544,85"
26/08/2015,"46.038,08"
27/08/2015,"47.715,27"
28/08/2015,"47.153,87"
31/08/2015,"46.625,52"
01/09/2015,"45.477,06"
02/09/2015,"46.463,96"
03/09/2015,"47.365,87"
04/09/2015,"46.497,72"
08/09/2015,"46.762,07"
09/09/2015,"46.657,10"
10/09/2015,"46.503,99"
11/09/2015,"46.400,51"
14/09/2015,"47.281,52"
15/09/2015,"47.364,07"
16/09/2015,"48.553,10"
17/09/2015,"48.551,08"
18/09/2015,"47.264,08"
21/09/2015,"46.590,20"
22/09/2015,"46.264,61"
23/09/2015,"45.340,11"
24/09/2015,"45.291,97"
25/09/2015,"44.831,46"
28/09/2015,"43.956,63"
29/09/2015,"44.131,82"
30/09/2015,"45.059,35"
01/10/2015,"45.313,27"
02/10/2015,"47.033,46"
05/10/2015,"47.598,07"
06/10/2015,"47.735,11"
07/10/2015,"48.914,32"
08/10/2015,"49.106,56"
09/10/2015,"49.338,41"
13/10/2015,"47.362,64"
14/10/2015,"46.710,44"
15/10/2015,"47.161,15"
16/10/2015,"47.236,10"
19/10/2015,"47.447,31"
20/10/2015,"47.076,55"
21/10/2015,"47.025,87"
22/10/2015,"47.772,14"
23/10/2015,"47.596,59"
26/10/2015,"47.209,32"
27/10/2015,"47.042,95"
28/10/2015,"46.740,85"
29/10/2015,"45.628,35"
30/10/2015,"45.868,82"
03/11/2015,"48.053,67"
04/11/2015,"47.710,10"
05/11/2015,"48.046,76"
06/11/2015,"46.918,52"
09/11/2015,"46.194,92"
10/11/2015,"46.206,57"
11/11/2015,"47.065,01"
12/11/2015,"46.883,58"
13/11/2015,"46.517,04"
16/11/2015,"46.846,87"
17/11/2015,"47.247,80"
18/11/2015,"47.435,58"
19/11/2015,"48.138,89"
23/11/2015,"48.150,27"
24/11/2015,"48.284,19"
25/11/2015,"46.866,64"
26/11/2015,"47.145,63"
27/11/2015,"45.872,92"
30/11/2015,"45.120,36"
01/12/2015,"45.046,75"
02/12/2015,"44.914,53"
03/12/2015,"46.393,26"
04/12/2015,"45.360,76"
07/12/2015,"45.222,70"
08/12/2015,"44.443,26"
09/12/2015,"46.108,03"
10/12/2015,"45.630,71"
11/12/2015,"45.262,72"
14/12/2015,"44.747,31"
15/12/2015,"44.872,47"
16/12/2015,"45.015,85"
17/12/2015,"45.261,48"
18/12/2015,"43.910,60"
21/12/2015,"43.199,95"
22/12/2015,"43.469,52"
23/12/2015,"44.014,93"
28/12/2015,"43.764,34"
29/12/2015,"43.653,97"
30/12/2015,"43.349,96"
04/01/2016,"42.141,04"
05/01/2016,"42.419,32"
06/01/2016,"41.773,14"
07/01/2016,"40.694,72"
08/01/2016,"40.612,21"
11/01/2016,"39.950,49"
12/01/2016,"39.513,83"
13/01/2016,"38.944,44"
14/01/2016,"39.500,11"
15/01/2016,"38.569,13"
18/01/2016,"37.937,27"
19/01/2016,"38.057,01"
20/01/2016,"37.645,48"
21/01/2016,"37.717,11"
22/01/2016,"38.031,22"
26/01/2016,"37.497,48"
27/01/2016,"38.376,37"
28/01/2016,"38.630,19"
29/01/2016,"40.405,99"
01/02/2016,"40.570,04"
02/02/2016,"38.596,17"
03/02/2016,"39.588,82"
04/02/2016,"40.821,74"
05/02/2016,"40.592,09"
10/02/2016,"40.376,58"
11/02/2016,"39.318,30"
12/02/2016,"39.808,05"
15/02/2016,"40.092,89"
16/02/2016,"40.947,70"
17/02/2016,"41.630,82"
18/02/2016,"41.477,63"
19/02/2016,"41.543,41"
22/02/2016,"43.234,85"
23/02/2016,"42.437,26"
24/02/2016,"42.084,56"
25/02/2016,"41.887,90"
26/02/2016,"41.593,08"
29/02/2016,"42.793,86"
01/03/2016,"44.121,79"
02/03/2016,"44.893,48"
03/03/2016,"47.193,39"
04/03/2016,"49.084,87"
07/03/2016,"49.246,10"
08/03/2016,"49.102,14"
09/03/2016,"48.665,09"
10/03/2016,"49.571,11"
11/03/2016,"49.638,68"
14/03/2016,"48.867,33"
15/03/2016,"47.130,02"
16/03/2016,"47.763,43"
17/03/2016,"50.913,79"
18/03/2016,"50.814,66"
21/03/2016,"51.171,55"
22/03/2016,"51.010,19"
23/03/2016,"49.690,05"
24/03/2016,"49.657,39"
28/03/2016,"50.838,23"
29/03/2016,"51.154,99"
30/03/2016,"51.248,92"
31/03/2016,"50.055,27"
01/04/2016,"50.561,53"
04/04/2016,"48.779,99"
05/04/2016,"49.053,62"
06/04/2016,"48.096,24"
07/04/2016,"48.513,10"
11/04/2016,"50.165,48"
12/04/2016,"52.001,86"
13/04/2016,"53.149,84"
14/04/2016,"52.411,02"
15/04/2016,"53.227,74"
18/04/2016,"52.894,08"
19/04/2016,"53.710,05"
20/04/2016,"53.630,93"
22/04/2016,"52.907,88"
25/04/2016,"51.861,71"
26/04/2016,"53.082,50"
27/04/2016,"54.477,78"
28/04/2016,"54.311,97"
29/04/2016,"53.910,51"
02/05/2016,"53.561,53"
03/05/2016,"52.260,19"
04/05/2016,"52.552,80"
05/05/2016,"51.671,04"
06/05/2016,"51.717,83"
09/05/2016,"50.990,07"
10/05/2016,"53.070,91"
11/05/2016,"52.764,46"
12/05/2016,"53.241,32"
13/05/2016,"51.804,31"
16/05/2016,"51.802,92"
17/05/2016,"50.839,44"
18/05/2016,"50.561,70"
19/05/2016,"50.132,53"
20/05/2016,"49.722,75"
23/05/2016,"49.330,42"
24/05/2016,"49.345,19"
25/05/2016,"49.482,86"
27/05/2016,"49.051,49"
30/05/2016,"48.964,34"
31/05/2016,"48.471,71"
01/06/2016,"49.012,65"
02/06/2016,"49.887,24"
03/06/2016,"50.619,50"
06/06/2016,"50.431,80"
07/06/2016,"50.487,86"
08/06/2016,"51.629,29"
09/06/2016,"51.118,46"
10/06/2016,"49.422,16"
13/06/2016,"49.660,79"
14/06/2016,"48.648,30"
15/06/2016,"48.914,74"
16/06/2016,"49.411,62"
17/06/2016,"49.533,84"
20/06/2016,"50.329,36"
21/06/2016,"50.837,81"
22/06/2016,"50.156,30"
23/06/2016,"51.559,82"
24/06/2016,"50.105,26"
27/06/2016,"49.245,53"
28/06/2016,"50.006,56"
29/06/2016,"51.001,91"
30/06/2016,"51.526,93"
01/07/2016,"52.233,04"
04/07/2016,"52.568,66"
05/07/2016,"51.842,27"
06/07/2016,"51.901,81"
07/07/2016,"52.014,66"
08/07/2016,"53.140,74"
11/07/2016,"53.960,12"
12/07/2016,"54.256,41"
13/07/2016,"54.598,29"
14/07/2016,"55.480,87"
15/07/2016,"55.578,24"
18/07/2016,"56.484,22"
19/07/2016,"56.698,06"
20/07/2016,"56.578,05"
21/07/2016,"56.641,49"
22/07/2016,"57.002,08"
25/07/2016,"56.872,73"
26/07/2016,"56.782,75"
27/07/2016,"56.852,84"
28/07/2016,"56.667,12"
29/07/2016,"57.308,21"
01/08/2016,"56.755,76"
02/08/2016,"56.162,38"
03/08/2016,"57.076,91"
04/08/2016,"57.593,90"
05/08/2016,"57.661,14"
08/08/2016,"57.635,43"
09/08/2016,"57.689,42"
10/08/2016,"56.919,78"
11/08/2016,"58.299,57"
12/08/2016,"58.298,41"
15/08/2016,"59.145,98"
16/08/2016,"58.855,43"
17/08/2016,"59.323,83"
18/08/2016,"59.166,02"
19/08/2016,"59.098,92"
22/08/2016,"57.781,24"
23/08/2016,"58.020,03"
24/08/2016,"57.717,88"
25/08/2016,"57.722,14"
26/08/2016,"57.716,25"
29/08/2016,"58.610,39"
30/08/2016,"58.575,42"
31/08/2016,"57.901,11"
01/09/2016,"58.236,27"
02/09/2016,"59.616,40"
05/09/2016,"59.566,35"
06/09/2016,"60.129,44"
08/09/2016,"60.231,66"
09/09/2016,"57.999,73"
12/09/2016,"58.586,11"
13/09/2016,"56.820,77"
14/09/2016,"57.059,46"
15/09/2016,"57.909,49"
16/09/2016,"57.079,76"
19/09/2016,"57.350,38"
20/09/2016,"57.736,46"
21/09/2016,"58.393,92"
22/09/2016,"58.994,17"
23/09/2016,"58.697,00"
26/09/2016,"58.053,53"
27/09/2016,"58.382,49"
28/09/2016,"59.355,77"
29/09/2016,"58.350,57"
30/09/2016,"58.367,05"
03/10/2016,"59.461,23"
04/10/2016,"59.339,23"
05/10/2016,"60.254,34"
06/10/2016,"60.644,24"
07/10/2016,"61.108,98"
10/10/2016,"61.668,33"
11/10/2016,"61.021,85"
13/10/2016,"61.118,58"
14/10/2016,"61.767,22"
17/10/2016,"62.696,11"
18/10/2016,"63.782,21"
19/10/2016,"63.505,61"
20/10/2016,"63.837,85"
21/10/2016,"64.108,08"
24/10/2016,"64.059,89"
25/10/2016,"63.866,20"
26/10/2016,"63.825,69"
27/10/2016,"64.249,51"
28/10/2016,"64.307,63"
31/10/2016,"64.924,52"
01/11/2016,"63.326,42"
03/11/2016,"61.750,17"
04/11/2016,"61.598,39"
07/11/2016,"64.051,65"
08/11/2016,"64.157,68"
09/11/2016,"63.258,27"
10/11/2016,"61.200,96"
11/11/2016,"59.183,51"
14/11/2016,"59.657,47"
16/11/2016,"60.759,32"
17/11/2016,"59.770,47"
18/11/2016,"59.961,76"
21/11/2016,"61.070,27"
22/11/2016,"61.954,47"
23/11/2016,"61.985,91"
24/11/2016,"61.395,53"
25/11/2016,"61.559,08"
28/11/2016,"62.855,50"
29/11/2016,"60.986,52"
30/11/2016,"61.906,36"
01/12/2016,"59.506,54"
02/12/2016,"60.316,13"
05/12/2016,"59.831,73"
06/12/2016,"61.088,25"
07/12/2016,"61.414,40"
08/12/2016,"60.676,57"
09/12/2016,"60.500,62"
12/12/2016,"59.178,62"
13/12/2016,"59.280,57"
14/12/2016,"58.212,12"
15/12/2016,"58.396,16"
16/12/2016,"58.389,04"
19/12/2016,"57.111,00"
20/12/2016,"57.582,89"
21/12/2016,"57.646,52"
22/12/2016,"57.255,22"
23/12/2016,"57.937,11"
26/12/2016,"58.620,26"
27/12/2016,"58.696,69"
28/12/2016,"59.781,63"
29/12/2016,"60.227,29"
02/01/2017,"59.588,70"
03/01/2017,"61.813,83"
04/01/2017,"61.589,06"
05/01/2017,"62.070,98"
06/01/2017,"61.665,37"
09/01/2017,"61.700,29"
10/01/2017,"62.131,80"
11/01/2017,"62.446,26"
12/01/2017,"63.953,93"
13/01/2017,"63.651,52"
16/01/2017,"63.831,28"
17/01/2017,"64.354,34"
18/01/2017,"64.149,58"
19/01/2017,"63.950,86"
20/01/2017,"64.521,18"
23/01/2017,"65.748,63"
24/01/2017,"65.840,09"
26/01/2017,"66.190,62"
27/01/2017,"66.033,99"
30/01/2017,"64.301,73"
31/01/2017,"64.670,78"
01/02/2017,"64.836,13"
02/02/2017,"64.578,22"
03/02/2017,"64.953,93"
06/02/2017,"63.992,94"
07/02/2017,"64.198,90"
08/02/2017,"64.835,40"
09/02/2017,"64.964,89"
10/02/2017,"66.124,53"
13/02/2017,"66.967,64"
14/02/2017,"66.712,88"
15/02/2017,"67.975,58"
16/02/2017,"67.814,24"
17/02/2017,"67.748,42"
20/02/2017,"68.532,86"
21/02/2017,"69.052,03"
22/02/2017,"68.589,54"
23/02/2017,"67.461,39"
24/02/2017,"66.662,11"
01/03/2017,"66.988,88"
02/03/2017,"65.854,93"
03/03/2017,"66.785,53"
06/03/2017,"66.341,37"
07/03/2017,"65.742,33"
08/03/2017,"64.718,02"
09/03/2017,"64.585,24"
10/03/2017,"64.675,46"
13/03/2017,"65.534,30"
14/03/2017,"64.699,46"
15/03/2017,"66.234,88"
16/03/2017,"65.782,85"
17/03/2017,"64.209,94"
20/03/2017,"64.884,27"
21/03/2017,"62.980,37"
22/03/2017,"63.521,33"
23/03/2017,"63.530,79"
24/03/2017,"63.853,77"
27/03/2017,"64.308,39"
28/03/2017,"64.640,45"
29/03/2017,"65.528,29"
30/03/2017,"65.265,98"
31/03/2017,"64.984,07"
03/04/2017,"65.211,48"
04/04/2017,"65.768,91"
05/04/2017,"64.774,77"
06/04/2017,"64.222,72"
07/04/2017,"64.593,11"
10/04/2017,"64.649,82"
11/04/2017,"64.359,79"
12/04/2017,"63.891,68"
13/04/2017,"62.826,28"
17/04/2017,"64.334,93"
18/04/2017,"64.158,84"
19/04/2017,"63.406,97"
20/04/2017,"63.760,62"
24/04/2017,"64.389,02"
25/04/2017,"65.148,35"
26/04/2017,"64.861,92"
27/04/2017,"64.676,55"
28/04/2017,"65.403,25"
02/05/2017,"66.721,75"
03/05/2017,"66.093,78"
04/05/2017,"64.862,61"
05/05/2017,"65.709,74"
08/05/2017,"65.526,05"
09/05/2017,"66.277,67"
10/05/2017,"67.349,73"
11/05/2017,"67.537,61"
12/05/2017,"68.221,94"
15/05/2017,"68.474,19"
16/05/2017,"68.684,50"
17/05/2017,"67.540,25"
18/05/2017,"61.597,06"
19/05/2017,"62.639,31"
22/05/2017,"61.673,49"
23/05/2017,"62.662,48"
24/05/2017,"63.257,36"
25/05/2017,"63.226,79"
26/05/2017,"64.085,41"
29/05/2017,"63.760,94"
30/05/2017,"63.962,26"
31/05/2017,"62.711,47"
01/06/2017,"62.288,52"
02/06/2017,"62.510,69"
05/06/2017,"62.450,45"
06/06/2017,"62.954,69"
07/06/2017,"63.170,73"
08/06/2017,"62.755,58"
09/06/2017,"62.210,56"
12/06/2017,"61.700,23"
13/06/2017,"61.828,99"
14/06/2017,"61.922,93"
16/06/2017,"61.626,41"
19/06/2017,"62.014,03"
20/06/2017,"60.766,16"
21/06/2017,"60.761,74"
22/06/2017,"61.272,22"
23/06/2017,"61.087,14"
26/06/2017,"62.188,09"
27/06/2017,"61.675,46"
28/06/2017,"62.017,97"
29/06/2017,"62.238,96"
30/06/2017,"62.899,97"
03/07/2017,"63.279,58"
04/07/2017,"63.231,59"
05/07/2017,"63.154,17"
06/07/2017,"62.470,33"
07/07/2017,"62.322,40"
10/07/2017,"63.025,47"
11/07/2017,"63.832,15"
12/07/2017,"64.835,55"
13/07/2017,"65.178,35"
14/07/2017,"65.436,18"
17/07/2017,"65.212,31"
18/07/2017,"65.337,67"
19/07/2017,"65.179,92"
20/07/2017,"64.938,02"
21/07/2017,"64.684,18"
24/07/2017,"65.099,55"
25/07/2017,"65.667,63"
26/07/2017,"65.010,57"
27/07/2017,"65.277,38"
28/07/2017,"65.497,13"
31/07/2017,"65.920,36"
01/08/2017,"66.516,24"
02/08/2017,"67.135,99"
03/08/2017,"66.777,13"
04/08/2017,"66.897,99"
07/08/2017,"67.939,66"
08/08/2017,"67.898,94"
09/08/2017,"67.671,07"
10/08/2017,"66.992,09"
11/08/2017,"67.358,59"
14/08/2017,"68.284,66"
15/08/2017,"68.355,12"
16/08/2017,"68.594,29"
17/08/2017,"67.976,80"
18/08/2017,"68.714,66"
21/08/2017,"68.634,65"
22/08/2017,"70.011,25"
23/08/2017,"70.477,63"
24/08/2017,"71.132,80"
25/08/2017,"71.073,65"
28/08/2017,"71.016,59"
29/08/2017,"71.329,85"
30/08/2017,"70.886,26"
31/08/2017,"70.835,05"
01/09/2017,"71.923,11"
04/09/2017,"72.128,83"
05/09/2017,"72.150,88"
06/09/2017,"73.412,41"
08/09/2017,"73.078,85"
11/09/2017,"74.319,22"
12/09/2017,"74.538,55"
13/09/2017,"74.787,57"
14/09/2017,"74.656,68"
15/09/2017,"75.756,52"
18/09/2017,"75.990,41"
19/09/2017,"75.974,18"
20/09/2017,"76.004,15"
21/09/2017,"75.604,34"
22/09/2017,"75.389,75"
25/09/2017,"74.443,47"
26/09/2017,"74.318,72"
27/09/2017,"73.796,71"
28/09/2017,"73.567,25"
29/09/2017,"74.293,51"
02/10/2017,"74.359,83"
03/10/2017,"76.762,91"
04/10/2017,"76.591,44"
05/10/2017,"76.617,53"
06/10/2017,"76.054,72"
09/10/2017,"75.726,81"
10/10/2017,"76.897,21"
11/10/2017,"76.659,80"
13/10/2017,"76.989,79"
16/10/2017,"76.891,84"
17/10/2017,"76.201,25"
18/10/2017,"76.591,09"
19/10/2017,"76.283,16"
20/10/2017,"76.390,51"
23/10/2017,"75.413,13"
24/10/2017,"76.350,19"
25/10/2017,"76.671,13"
26/10/2017,"75.896,35"
27/10/2017,"75.975,71"
30/10/2017,"74.800,33"
31/10/2017,"74.308,49"
01/11/2017,"73.823,74"
03/11/2017,"73.915,43"
06/11/2017,"74.310,79"
07/11/2017,"72.414,88"
08/11/2017,"74.363,13"
09/11/2017,"72.930,69"
10/11/2017,"72.165,64"
13/11/2017,"72.475,17"
14/11/2017,"70.826,59"
16/11/2017,"72.511,79"
17/11/2017,"73.437,28"
21/11/2017,"74.594,61"
22/11/2017,"74.518,79"
23/11/2017,"74.486,58"
24/11/2017,"74.157,37"
27/11/2017,"74.058,92"
28/11/2017,"74.139,72"
29/11/2017,"72.700,45"
30/11/2017,"71.970,99"
01/12/2017,"72.264,45"
04/12/2017,"73.090,17"
05/12/2017,"72.546,17"
06/12/2017,"73.268,35"
07/12/2017,"72.487,46"
08/12/2017,"72.731,84"
11/12/2017,"72.800,04"
12/12/2017,"73.813,53"
13/12/2017,"72.914,33"
14/12/2017,"72.428,93"
15/12/2017,"72.607,70"
18/12/2017,"73.115,45"
19/12/2017,"72.680,37"
20/12/2017,"73.367,03"
21/12/2017,"75.133,43"
22/12/2017,"75.186,53"
26/12/2017,"75.707,73"
27/12/2017,"76.072,54"
28/12/2017,"76.402,08"
02/01/2018,"77.891,04"
03/01/2018,"77.995,16"
04/01/2018,"78.647,42"
05/01/2018,"79.071,47"
08/01/2018,"79.378,54"
09/01/2018,"78.863,54"
10/01/2018,"78.200,57"
11/01/2018,"79.365,44"
12/01/2018,"79.349,12"
15/01/2018,"79.752,37"
16/01/2018,"79.831,76"
17/01/2018,"81.189,16"
18/01/2018,"80.962,65"
19/01/2018,"81.219,50"
22/01/2018,"81.675,42"
23/01/2018,"80.643,43"
24/01/2018,"83.680,00"
26/01/2018,"85.530,84"
29/01/2018,"84.698,01"
30/01/2018,"84.482,46"
31/01/2018,"84.912,70"
01/02/2018,"85.495,24"
02/02/2018,"84.041,34"
05/02/2018,"81.861,09"
06/02/2018,"83.894,04"
07/02/2018,"82.766,73"
08/02/2018,"81.532,53"
09/02/2018,"80.898,70"
14/02/2018,"83.542,84"
15/02/2018,"84.290,57"
16/02/2018,"84.524,58"
19/02/2018,"84.792,71"
20/02/2018,"85.803,96"
21/02/2018,"86.051,82"
22/02/2018,"86.686,45"
23/02/2018,"87.293,24"
26/02/2018,"87.652,64"
27/02/2018,"86.935,44"
28/02/2018,"85.353,60"
01/03/2018,"85.377,79"
02/03/2018,"85.761,34"
05/03/2018,"86.022,83"
06/03/2018,"85.653,02"
07/03/2018,"85.483,55"
08/03/2018,"84.984,61"
09/03/2018,"86.371,41"
12/03/2018,"86.900,43"
13/03/2018,"86.383,85"
14/03/2018,"86.050,96"
15/03/2018,"84.928,20"
16/03/2018,"84.886,49"
19/03/2018,"83.913,06"
20/03/2018,"84.163,80"
21/03/2018,"84.976,59"
22/03/2018,"84.767,88"
23/03/2018,"84.377,19"
26/03/2018,"85.087,86"
27/03/2018,"83.808,06"
28/03/2018,"83.874,14"
29/03/2018,"85.365,56"
02/04/2018,"84.666,44"
03/04/2018,"84.623,46"
04/04/2018,"84.359,69"
05/04/2018,"85.209,66"
06/04/2018,"84.820,42"
09/04/2018,"83.307,23"
10/04/2018,"84.510,36"
11/04/2018,"85.245,59"
12/04/2018,"85.443,53"
13/04/2018,"84.334,41"
16/04/2018,"82.861,58"
17/04/2018,"84.086,13"
18/04/2018,"85.776,46"
19/04/2018,"85.824,26"
20/04/2018,"85.550,09"
23/04/2018,"85.602,50"
24/04/2018,"85.469,08"
25/04/2018,"85.044,39"
26/04/2018,"86.383,20"
27/04/2018,"86.444,66"
30/04/2018,"86.115,50"
02/05/2018,"84.547,09"
03/05/2018,"83.288,14"
04/05/2018,"83.118,03"
07/05/2018,"82.714,43"
08/05/2018,"82.956,05"
09/05/2018,"84.265,49"
10/05/2018,"85.861,20"
11/05/2018,"85.220,24"
14/05/2018,"85.232,18"
15/05/2018,"85.130,42"
16/05/2018,"86.536,97"
17/05/2018,"83.621,95"
18/05/2018,"83.081,88"
21/05/2018,"81.815,32"
22/05/2018,"82.738,88"
23/05/2018,"80.867,29"
24/05/2018,"80.122,31"
25/05/2018,"78.897,66"
28/05/2018,"75.355,84"
29/05/2018,"76.071,97"
30/05/2018,"76.753,61"
01/06/2018,"77.239,75"
04/06/2018,"78.596,06"
05/06/2018,"76.641,72"
06/06/2018,"76.117,22"
07/06/2018,"73.851,46"
08/06/2018,"72.942,07"
11/06/2018,"72.307,77"
12/06/2018,"72.754,13"
13/06/2018,"72.122,14"
14/06/2018,"71.421,19"
15/06/2018,"70.757,73"
18/06/2018,"69.814,74"
19/06/2018,"71.394,34"
20/06/2018,"72.123,41"
21/06/2018,"70.074,90"
22/06/2018,"70.640,65"
25/06/2018,"70.952,97"
26/06/2018,"71.404,59"
27/06/2018,"70.609,00"
28/06/2018,"71.766,52"
29/06/2018,"72.762,51"
02/07/2018,"72.839,74"
03/07/2018,"73.667,75"
04/07/2018,"74.743,11"
05/07/2018,"74.553,06"
06/07/2018,"75.010,39"
10/07/2018,"74.862,38"
11/07/2018,"74.398,55"
12/07/2018,"75.856,22"
13/07/2018,"76.594,35"
16/07/2018,"76.652,58"
17/07/2018,"78.130,30"
18/07/2018,"77.362,63"
19/07/2018,"77.486,84"
20/07/2018,"78.571,29"
23/07/2018,"77.996,12"
24/07/2018,"79.154,98"
25/07/2018,"80.218,04"
26/07/2018,"79.405,34"
27/07/2018,"79.866,10"
30/07/2018,"80.275,59"
31/07/2018,"79.220,43"
01/08/2018,"79.301,65"
02/08/2018,"79.636,69"
03/08/2018,"81.434,98"
06/08/2018,"81.050,76"
07/08/2018,"80.346,52"
08/08/2018,"79.151,70"
09/08/2018,"78.767,99"
10/08/2018,"76.514,35"
13/08/2018,"77.496,45"
14/08/2018,"78.602,11"
15/08/2018,"77.077,99"
16/08/2018,"76.818,72"
17/08/2018,"76.028,50"
20/08/2018,"76.327,89"
21/08/2018,"75.180,40"
22/08/2018,"76.902,30"
23/08/2018,"75.633,77"
24/08/2018,"76.262,23"
27/08/2018,"77.929,68"
28/08/2018,"77.473,18"
29/08/2018,"78.388,83"
30/08/2018,"76.404,09"
31/08/2018,"76.677,53"
03/09/2018,"76.192,73"
04/09/2018,"74.711,80"
05/09/2018,"75.092,27"
06/09/2018,"76.416,01"
10/09/2018,"76.436,35"
11/09/2018,"74.656,51"
12/09/2018,"75.124,81"
13/09/2018,"74.686,67"
14/09/2018,"75.429,09"
17/09/2018,"76.788,85"
18/09/2018,"78.313,96"
19/09/2018,"78.168,66"
20/09/2018,"78.116,01"
21/09/2018,"79.444,29"
24/09/2018,"77.984,18"
25/09/2018,"78.630,14"
26/09/2018,"78.656,16"
27/09/2018,"80.000,09"
28/09/2018,"79.342,42"
01/10/2018,"78.623,66"
02/10/2018,"81.612,28"
03/10/2018,"83.273,40"
04/10/2018,"82.952,81"
05/10/2018,"82.321,52"
08/10/2018,"86.083,91"
09/10/2018,"86.087,55"
10/10/2018,"83.679,11"
11/10/2018,"82.921,08"
15/10/2018,"83.359,76"
16/10/2018,"85.717,56"
17/10/2018,"85.763,95"
18/10/2018,"83.847,12"
19/10/2018,"84.219,74"
22/10/2018,"85.596,69"
23/10/2018,"85.300,03"
24/10/2018,"83.063,56"
25/10/2018,"84.083,51"
26/10/2018,"85.719,87"
29/10/2018,"83.796,71"
30/10/2018,"86.885,71"
31/10/2018,"87.423,55"
01/11/2018,"88.419,05"
05/11/2018,"89.598,16"
06/11/2018,"88.668,92"
07/11/2018,"87.714,35"
08/11/2018,"85.620,13"
09/11/2018,"85.641,21"
12/11/2018,"85.524,70"
13/11/2018,"84.914,11"
14/11/2018,"85.973,06"
16/11/2018,"88.515,27"
19/11/2018,"87.900,83"
21/11/2018,"87.268,80"
22/11/2018,"87.477,44"
23/11/2018,"86.230,22"
26/11/2018,"85.546,51"
27/11/2018,"87.891,18"
28/11/2018,"89.250,82"
29/11/2018,"89.709,56"
30/11/2018,"89.504,03"
03/12/2018,"89.820,09"
04/12/2018,"88.624,45"
05/12/2018,"89.039,79"
06/12/2018,"88.846,48"
07/12/2018,"88.115,07"
10/12/2018,"85.914,71"
11/12/2018,"86.419,57"
12/12/2018,"86.977,46"
13/12/2018,"87.837,59"
14/12/2018,"87.449,50"
17/12/2018,"86.399,68"
18/12/2018,"86.610,49"
19/12/2018,"85.673,52"
20/12/2018,"85.269,29"
21/12/2018,"85.697,15"
26/12/2018,"85.136,10"
27/12/2018,"85.460,20"
28/12/2018,"87.887,26"
02/01/2019,"91.012,31"
03/01/2019,"91.564,25"
04/01/2019,"91.840,79"
07/01/2019,"91.699,05"
08/01/2019,"92.031,86"
09/01/2019,"93.613,04"
10/01/2019,"93.805,93"
11/01/2019,"93.658,31"
14/01/2019,"94.474,13"
15/01/2019,"94.055,72"
16/01/2019,"94.393,07"
17/01/2019,"95.351,09"
18/01/2019,"96.096,75"
21/01/2019,"96.009,77"
22/01/2019,"95.103,38"
23/01/2019,"96.558,42"
24/01/2019,"97.677,19"
28/01/2019,"95.443,88"
29/01/2019,"95.639,33"
30/01/2019,"96.996,21"
31/01/2019,"97.393,74"
01/02/2019,"97.861,27"
04/02/2019,"98.588,63"
05/02/2019,"98.311,20"
06/02/2019,"94.635,57"
07/02/2019,"94.405,59"
08/02/2019,"95.343,10"
11/02/2019,"94.412,91"
12/02/2019,"96.168,40"
13/02/2019,"95.842,40"
14/02/2019,"98.015,09"
15/02/2019,"97.525,91"
18/02/2019,"96.509,89"
19/02/2019,"97.659,15"
20/02/2019,"96.544,81"
21/02/2019,"96.932,27"
22/02/2019,"97.885,60"
25/02/2019,"97.239,90"
26/02/2019,"97.602,50"
27/02/2019,"97.307,31"
28/02/2019,"95.584,35"
01/03/2019,"94.603,75"
06/03/2019,"94.216,87"
07/03/2019,"94.340,17"
08/03/2019,"95.364,85"
11/03/2019,"98.026,62"
12/03/2019,"97.828,03"
13/03/2019,"98.903,88"
14/03/2019,"98.604,67"
15/03/2019,"99.136,74"
18/03/2019,"99.993,92"
19/03/2019,"99.588,37"
20/03/2019,"98.041,37"
21/03/2019,"96.729,08"
22/03/2019,"93.735,15"
25/03/2019,"93.662,01"
26/03/2019,"95.306,82"
27/03/2019,"91.903,40"
28/03/2019,"94.388,94"
29/03/2019,"95.414,55"
01/04/2019,"96.054,45"
02/04/2019,"95.386,76"
03/04/2019,"94.491,48"
04/04/2019,"96.313,06"
05/04/2019,"97.108,17"
08/04/2019,"97.369,29"
09/04/2019,"96.291,79"
10/04/2019,"95.953,45"
11/04/2019,"94.754,70"
12/04/2019,"92.875,00"
15/04/2019,"93.082,97"
16/04/2019,"94.333,31"
17/04/2019,"93.284,75"
18/04/2019,"94.578,26"
22/04/2019,"94.588,06"
23/04/2019,"95.923,24"
24/04/2019,"95.045,43"
25/04/2019,"96.552,03"
26/04/2019,"96.236,04"
29/04/2019,"96.187,75"
30/04/2019,"96.353,33"
02/05/2019,"95.527,62"
03/05/2019,"96.007,89"
06/05/2019,"95.008,66"
07/05/2019,"94.388,73"
08/05/2019,"95.596,61"
09/05/2019,"94.807,85"
10/05/2019,"94.257,56"
13/05/2019,"91.726,54"
14/05/2019,"92.092,44"
15/05/2019,"91.623,44"
16/05/2019,"90.024,47"
17/05/2019,"89.992,73"
20/05/2019,"91.946,19"
21/05/2019,"94.484,63"
22/05/2019,"94.360,66"
23/05/2019,"93.910,03"
24/05/2019,"93.627,80"
27/05/2019,"94.864,25"
28/05/2019,"96.392,76"
29/05/2019,"96.566,55"
30/05/2019,"97.457,36"
31/05/2019,"97.030,32"
03/06/2019,"97.020,48"
04/06/2019,"97.380,28"
05/06/2019,"95.998,75"
06/06/2019,"97.204,85"
07/06/2019,"97.821,26"
10/06/2019,"97.466,69"
11/06/2019,"98.960,00"
12/06/2019,"98.320,88"
13/06/2019,"98.773,70"
14/06/2019,"98.040,06"
17/06/2019,"97.623,25"
18/06/2019,"99.404,39"
19/06/2019,"100.303,41"
21/06/2019,"102.012,64"
24/06/2019,"102.062,33"
25/06/2019,"100.092,95"
26/06/2019,"100.688,63"
27/06/2019,"100.723,97"
28/06/2019,"100.967,20"
01/07/2019,"101.339,68"
02/07/2019,"100.605,17"
03/07/2019,"102.043,11"
04/07/2019,"103.636,17"
05/07/2019,"104.089,47"
08/07/2019,"104.530,22"
10/07/2019,"105.817,06"
11/07/2019,"105.146,44"
12/07/2019,"103.905,99"
15/07/2019,"103.802,69"
16/07/2019,"103.775,41"
17/07/2019,"103.855,53"
18/07/2019,"104.716,59"
19/07/2019,"103.451,93"
22/07/2019,"103.949,46"
23/07/2019,"103.704,28"
24/07/2019,"104.119,54"
25/07/2019,"102.654,58"
26/07/2019,"102.818,93"
29/07/2019,"103.482,63"
30/07/2019,"102.932,76"
31/07/2019,"101.812,13"
01/08/2019,"102.125,94"
02/08/2019,"102.673,68"
05/08/2019,"100.097,75"
06/08/2019,"102.163,69"
07/08/2019,"102.782,37"
08/08/2019,"104.115,23"
09/08/2019,"103.996,16"
12/08/2019,"101.915,22"
13/08/2019,"103.299,47"
14/08/2019,"100.258,01"
15/08/2019,"99.056,91"
16/08/2019,"99.805,78"
19/08/2019,"99.468,67"
20/08/2019,"99.222,25"
21/08/2019,"101.201,90"
22/08/2019,"100.011,28"
23/08/2019,"97.667,49"
26/08/2019,"96.429,60"
27/08/2019,"97.276,19"
28/08/2019,"98.193,53"
29/08/2019,"100.524,43"
30/08/2019,"101.134,61"
02/09/2019,"100.625,74"
03/09/2019,"99.680,83"
04/09/2019,"101.200,89"
05/09/2019,"102.243,00"
06/09/2019,"102.935,43"
09/09/2019,"103.180,59"
10/09/2019,"103.031,50"
11/09/2019,"103.445,60"
12/09/2019,"104.370,91"
13/09/2019,"103.501,18"
16/09/2019,"103.680,41"
17/09/2019,"104.616,86"
18/09/2019,"104.531,93"
19/09/2019,"104.339,16"
20/09/2019,"104.817,40"
23/09/2019,"104.637,82"
24/09/2019,"103.875,66"
25/09/2019,"104.480,98"
26/09/2019,"105.319,40"
27/09/2019,"105.077,63"
30/09/2019,"104.745,32"
01/10/2019,"104.053,40"
02/10/2019,"101.031,44"
03/10/2019,"101.516,04"
04/10/2019,"102.551,32"
07/10/2019,"100.572,77"
08/10/2019,"99.981,40"
09/10/2019,"101.248,78"
10/10/2019,"101.817,13"
11/10/2019,"103.831,92"
14/10/2019,"104.301,58"
15/10/2019,"104.489,56"
16/10/2019,"105.422,80"
17/10/2019,"105.015,77"
18/10/2019,"104.728,89"
21/10/2019,"106.022,28"
22/10/2019,"107.381,11"
23/10/2019,"107.543,59"
24/10/2019,"106.986,15"
25/10/2019,"107.363,77"
28/10/2019,"108.187,06"
29/10/2019,"107.556,26"
30/10/2019,"108.407,54"
31/10/2019,"107.219,83"
01/11/2019,"108.195,63"
04/11/2019,"108.779,33"
05/11/2019,"108.719,02"
06/11/2019,"108.360,22"
07/11/2019,"109.580,57"
08/11/2019,"107.628,98"
11/11/2019,"108.367,44"
12/11/2019,"106.751,11"
13/11/2019,"106.059,95"
14/11/2019,"106.556,88"
18/11/2019,"106.269,25"
19/11/2019,"105.864,18"
21/11/2019,"107.496,73"
22/11/2019,"108.692,28"
25/11/2019,"108.423,93"
26/11/2019,"107.059,40"
27/11/2019,"107.707,75"
28/11/2019,"108.290,09"
29/11/2019,"108.233,28"
02/12/2019,"108.927,83"
03/12/2019,"108.956,02"
04/12/2019,"110.300,93"
05/12/2019,"110.622,27"
06/12/2019,"111.125,75"
09/12/2019,"110.977,23"
10/12/2019,"110.672,01"
11/12/2019,"110.963,87"
12/12/2019,"112.199,74"
13/12/2019,"112.564,86"
16/12/2019,"111.896,04"
17/12/2019,"112.615,66"
18/12/2019,"114.314,65"
19/12/2019,"115.131,25"
20/12/2019,"115.121,08"
23/12/2019,"115.863,29"
26/12/2019,"117.203,20"
27/12/2019,"116.533,98"
30/12/2019,"115.645,34"
02/01/2020,"118.573,10"
03/01/2020,"117.706,66"
06/01/2020,"116.877,92"
07/01/2020,"116.661,94"
08/01/2020,"116.247,03"
09/01/2020,"115.947,11"
10/01/2020,"115.503,42"
13/01/2020,"117.325,28"
14/01/2020,"117.632,40"
15/01/2020,"116.414,35"
16/01/2020,"116.704,21"
17/01/2020,"118.478,30"
20/01/2020,"118.861,63"
21/01/2020,"117.026,04"
22/01/2020,"118.391,36"
23/01/2020,"119.527,63"
24/01/2020,"118.376,36"
27/01/2020,"114.481,84"
28/01/2020,"116.478,98"
29/01/2020,"115.384,84"
30/01/2020,"115.528,04"
31/01/2020,"113.760,57"
03/02/2020,"114.629,21"
04/02/2020,"115.556,71"
05/02/2020,"116.028,27"
06/02/2020,"115.189,97"
07/02/2020,"113.770,29"
10/02/2020,"112.570,30"
11/02/2020,"115.370,61"
12/02/2020,"116.674,13"
13/02/2020,"115.662,40"
14/02/2020,"114.380,71"
17/02/2020,"115.309,08"
18/02/2020,"114.977,29"
19/02/2020,"116.517,59"
20/02/2020,"114.586,24"
21/02/2020,"113.681,42"
26/02/2020,"105.718,29"
27/02/2020,"102.983,54"
28/02/2020,"104.171,57"
02/03/2020,"106.625,41"
03/03/2020,"105.537,14"
04/03/2020,"107.224,22"
05/03/2020,"102.233,24"
06/03/2020,"97.996,77"
09/03/2020,"86.067,20"
10/03/2020,"92.214,47"
11/03/2020,"85.171,13"
12/03/2020,"72.582,53"
13/03/2020,"82.677,91"
16/03/2020,"71.168,05"
17/03/2020,"74.617,24"
18/03/2020,"66.894,95"
19/03/2020,"70.064,16"
20/03/2020,"66.954,72"
23/03/2020,"63.569,62"
24/03/2020,"69.729,30"
25/03/2020,"74.955,57"
26/03/2020,"77.709,66"
27/03/2020,"73.428,78"
30/03/2020,"74.639,48"
31/03/2020,"73.019,76"
01/04/2020,"70.966,70"
02/04/2020,"72.253,46"
03/04/2020,"69.537,56"
06/04/2020,"74.072,98"
07/04/2020,"76.358,09"
08/04/2020,"78.624,62"
09/04/2020,"77.681,94"
13/04/2020,"78.835,82"
14/04/2020,"79.918,36"
15/04/2020,"78.831,46"
16/04/2020,"77.811,85"
17/04/2020,"78.990,29"
20/04/2020,"78.972,76"
22/04/2020,"80.687,15"
23/04/2020,"79.673,30"
24/04/2020,"75.330,61"
27/04/2020,"78.238,60"
28/04/2020,"81.312,23"
29/04/2020,"83.170,80"
30/04/2020,"80.505,89"
04/05/2020,"78.876,22"
05/05/2020,"79.470,78"
06/05/2020,"79.063,68"
07/05/2020,"78.118,57"
08/05/2020,"80.263,35"
11/05/2020,"79.064,60"
12/05/2020,"77.871,95"
13/05/2020,"77.772,20"
14/05/2020,"79.010,81"
15/05/2020,"77.556,62"
18/05/2020,"81.194,29"
19/05/2020,"80.742,35"
20/05/2020,"81.319,45"
21/05/2020,"83.027,09"
22/05/2020,"82.173,21"
25/05/2020,"85.663,48"
26/05/2020,"85.468,91"
27/05/2020,"87.946,25"
28/05/2020,"86.949,09"
29/05/2020,"87.402,59"
01/06/2020,"88.620,10"
02/06/2020,"91.046,38"
03/06/2020,"93.002,14"
04/06/2020,"93.828,61"
05/06/2020,"94.637,06"
08/06/2020,"97.644,67"
09/06/2020,"96.746,55"
10/06/2020,"94.685,98"
12/06/2020,"92.795,27"
15/06/2020,"92.375,52"
16/06/2020,"93.531,17"
17/06/2020,"95.547,29"
18/06/2020,"96.125,24"
19/06/2020,"96.572,10"
22/06/2020,"95.335,96"
23/06/2020,"95.975,16"
24/06/2020,"94.377,36"
25/06/2020,"95.983,09"
26/06/2020,"93.834,49"
29/06/2020,"95.735,35"
30/06/2020,"95.055,82"
01/07/2020,"96.203,20"
02/07/2020,"96.234,96"
03/07/2020,"96.764,85"
06/07/2020,"98.937,16"
07/07/2020,"97.761,04"
08/07/2020,"99.769,88"
10/07/2020,"100.031,83"
13/07/2020,"98.697,06"
14/07/2020,"100.440,23"
15/07/2020,"101.790,54"
16/07/2020,"100.553,27"
17/07/2020,"102.888,25"
20/07/2020,"104.426,37"
21/07/2020,"104.309,74"
22/07/2020,"104.289,57"
23/07/2020,"102.293,31"
24/07/2020,"102.381,58"
27/07/2020,"104.477,08"
28/07/2020,"104.109,07"
29/07/2020,"105.605,17"
30/07/2020,"105.008,70"
31/07/2020,"102.912,24"
03/08/2020,"102.829,96"
04/08/2020,"101.215,87"
05/08/2020,"102.801,76"
06/08/2020,"104.125,64"
07/08/2020,"102.775,55"
10/08/2020,"103.444,48"
11/08/2020,"102.174,40"
12/08/2020,"102.117,79"
13/08/2020,"100.460,60"
14/08/2020,"101.353,45"
17/08/2020,"99.595,41"
18/08/2020,"102.065,35"
19/08/2020,"100.853,72"
20/08/2020,"101.467,87"
21/08/2020,"101.521,29"
24/08/2020,"102.297,95"
25/08/2020,"102.117,64"
26/08/2020,"100.627,33"
27/08/2020,"100.623,64"
28/08/2020,"102.142,93"
31/08/2020,"99.369,15"
01/09/2020,"102.167,65"
02/09/2020,"101.911,13"
03/09/2020,"100.721,36"
04/09/2020,"101.241,73"
08/09/2020,"100.050,43"
09/09/2020,"101.292,05"
10/09/2020,"98.834,59"
11/09/2020,"98.363,22"
14/09/2020,"100.274,52"
15/09/2020,"100.297,91"
16/09/2020,"99.675,68"
17/09/2020,"100.097,83"
18/09/2020,"98.289,71"
21/09/2020,"96.990,72"
22/09/2020,"97.293,54"
23/09/2020,"95.734,82"
24/09/2020,"97.012,07"
25/09/2020,"96.999,38"
28/09/2020,"94.666,37"
29/09/2020,"93.580,35"
30/09/2020,"94.603,38"
01/10/2020,"95.478,52"
02/10/2020,"94.015,68"
05/10/2020,"96.089,19"
06/10/2020,"95.615,03"
07/10/2020,"95.526,26"
08/10/2020,"97.919,73"
09/10/2020,"97.483,31"
13/10/2020,"98.502,82"
14/10/2020,"99.334,43"
15/10/2020,"99.054,06"
16/10/2020,"98.309,12"
19/10/2020,"98.657,65"
20/10/2020,"100.539,83"
21/10/2020,"100.552,44"
22/10/2020,"101.917,73"
23/10/2020,"101.259,75"
26/10/2020,"101.016,96"
27/10/2020,"99.605,54"
28/10/2020,"95.368,76"
29/10/2020,"96.582,16"
30/10/2020,"93.952,40"
03/11/2020,"95.979,71"
04/11/2020,"97.866,81"
05/11/2020,"100.751,40"
06/11/2020,"100.925,11"
09/11/2020,"103.515,16"
10/11/2020,"105.066,96"
11/11/2020,"104.808,83"
12/11/2020,"102.507,01"
13/11/2020,"104.723,00"
16/11/2020,"106.429,92"
17/11/2020,"107.248,63"
18/11/2020,"106.119,09"
19/11/2020,"106.669,90"
20/11/2020,"106.042,48"
23/11/2020,"107.378,92"
24/11/2020,"109.786,30"
25/11/2020,"110.132,53"
26/11/2020,"110.227,09"
27/11/2020,"110.575,47"
30/11/2020,"108.893,32"
01/12/2020,"111.399,91"
02/12/2020,"111.878,53"
03/12/2020,"112.291,59"
04/12/2020,"113.750,22"
07/12/2020,"113.589,77"
08/12/2020,"113.793,06"
09/12/2020,"113.001,16"
10/12/2020,"115.128,63"
11/12/2020,"115.128,00"
14/12/2020,"114.611,12"
15/12/2020,"116.148,63"
16/12/2020,"117.857,35"
17/12/2020,"118.400,57"
18/12/2020,"118.023,67"
21/12/2020,"115.822,57"
22/12/2020,"116.636,18"
23/12/2020,"117.806,85"
28/12/2020,"119.123,70"
29/12/2020,"119.409,15"
30/12/2020,"119.017,24"